"","age","sex","estimate","anchor","id","participant_id","reference","reference_short","link","anchoring_item","tasktype","direction","incentive","comparative_question","experiment_type","stimulitype","sampletype","scaletype","anchortype","true_value","anchorhigh","published"
"1.e1",NA,NA,16,9,24001,1,"Cheek, N. N., Coe-Odess, S., & Schwartz, B. (2015). What have I just done? Anchoring, self-knowledge, and judgments of recent behavior. Judgment and Decision Making, 10 (1), 76-85.","Cheek, Coe-Odess, & Schwartz, 2015, Study 4","http://journal.sjdm.org/14/141113/study4.sav","number of completed paper and pencil mazes (Solver)","quantity",0,0,1,2,9,1,1,2,18,0,1
"2.e1",NA,NA,30,27,24002,2,"Cheek, N. N., Coe-Odess, S., & Schwartz, B. (2015). What have I just done? Anchoring, self-knowledge, and judgments of recent behavior. Judgment and Decision Making, 10 (1), 76-85.","Cheek, Coe-Odess, & Schwartz, 2015, Study 4","http://journal.sjdm.org/14/141113/study4.sav","number of completed paper and pencil mazes (Solver)","quantity",0,0,1,2,9,1,1,2,18,1,1
"3.e1",NA,NA,10,9,24003,3,"Cheek, N. N., Coe-Odess, S., & Schwartz, B. (2015). What have I just done? Anchoring, self-knowledge, and judgments of recent behavior. Judgment and Decision Making, 10 (1), 76-85.","Cheek, Coe-Odess, & Schwartz, 2015, Study 4","http://journal.sjdm.org/14/141113/study4.sav","number of completed paper and pencil mazes (Solver)","quantity",0,0,1,2,9,1,1,2,18,0,1
"4.e1",NA,NA,16,27,24004,4,"Cheek, N. N., Coe-Odess, S., & Schwartz, B. (2015). What have I just done? Anchoring, self-knowledge, and judgments of recent behavior. Judgment and Decision Making, 10 (1), 76-85.","Cheek, Coe-Odess, & Schwartz, 2015, Study 4","http://journal.sjdm.org/14/141113/study4.sav","number of completed paper and pencil mazes (Solver)","quantity",0,0,1,2,9,1,1,2,18,1,1
"5.e1",NA,NA,12,9,24005,5,"Cheek, N. N., Coe-Odess, S., & Schwartz, B. (2015). What have I just done? Anchoring, self-knowledge, and judgments of recent behavior. Judgment and Decision Making, 10 (1), 76-85.","Cheek, Coe-Odess, & Schwartz, 2015, Study 4","http://journal.sjdm.org/14/141113/study4.sav","number of completed paper and pencil mazes (Solver)","quantity",0,0,1,2,9,1,1,2,18,0,1
"6.e1",NA,NA,20,27,24006,6,"Cheek, N. N., Coe-Odess, S., & Schwartz, B. (2015). What have I just done? Anchoring, self-knowledge, and judgments of recent behavior. Judgment and Decision Making, 10 (1), 76-85.","Cheek, Coe-Odess, & Schwartz, 2015, Study 4","http://journal.sjdm.org/14/141113/study4.sav","number of completed paper and pencil mazes (Solver)","quantity",0,0,1,2,9,1,1,2,18,1,1
"7.e1",NA,NA,20,9,24007,7,"Cheek, N. N., Coe-Odess, S., & Schwartz, B. (2015). What have I just done? Anchoring, self-knowledge, and judgments of recent behavior. Judgment and Decision Making, 10 (1), 76-85.","Cheek, Coe-Odess, & Schwartz, 2015, Study 4","http://journal.sjdm.org/14/141113/study4.sav","number of completed paper and pencil mazes (Solver)","quantity",0,0,1,2,9,1,1,2,18,0,1
"8.e1",NA,NA,15,27,24008,8,"Cheek, N. N., Coe-Odess, S., & Schwartz, B. (2015). What have I just done? Anchoring, self-knowledge, and judgments of recent behavior. Judgment and Decision Making, 10 (1), 76-85.","Cheek, Coe-Odess, & Schwartz, 2015, Study 4","http://journal.sjdm.org/14/141113/study4.sav","number of completed paper and pencil mazes (Solver)","quantity",0,0,1,2,9,1,1,2,18,1,1
"9.e1",NA,NA,12,9,24009,9,"Cheek, N. N., Coe-Odess, S., & Schwartz, B. (2015). What have I just done? Anchoring, self-knowledge, and judgments of recent behavior. Judgment and Decision Making, 10 (1), 76-85.","Cheek, Coe-Odess, & Schwartz, 2015, Study 4","http://journal.sjdm.org/14/141113/study4.sav","number of completed paper and pencil mazes (Solver)","quantity",0,0,1,2,9,1,1,2,18,0,1
"10.e1",NA,NA,18,27,24010,10,"Cheek, N. N., Coe-Odess, S., & Schwartz, B. (2015). What have I just done? Anchoring, self-knowledge, and judgments of recent behavior. Judgment and Decision Making, 10 (1), 76-85.","Cheek, Coe-Odess, & Schwartz, 2015, Study 4","http://journal.sjdm.org/14/141113/study4.sav","number of completed paper and pencil mazes (Solver)","quantity",0,0,1,2,9,1,1,2,18,1,1
"11.e1",NA,NA,20,27,24011,11,"Cheek, N. N., Coe-Odess, S., & Schwartz, B. (2015). What have I just done? Anchoring, self-knowledge, and judgments of recent behavior. Judgment and Decision Making, 10 (1), 76-85.","Cheek, Coe-Odess, & Schwartz, 2015, Study 4","http://journal.sjdm.org/14/141113/study4.sav","number of completed paper and pencil mazes (Solver)","quantity",0,0,1,2,9,1,1,2,18,1,1
"12.e1",NA,NA,15,9,24012,12,"Cheek, N. N., Coe-Odess, S., & Schwartz, B. (2015). What have I just done? Anchoring, self-knowledge, and judgments of recent behavior. Judgment and Decision Making, 10 (1), 76-85.","Cheek, Coe-Odess, & Schwartz, 2015, Study 4","http://journal.sjdm.org/14/141113/study4.sav","number of completed paper and pencil mazes (Solver)","quantity",0,0,1,2,9,1,1,2,18,0,1
"13.e1",NA,NA,20,27,24013,13,"Cheek, N. N., Coe-Odess, S., & Schwartz, B. (2015). What have I just done? Anchoring, self-knowledge, and judgments of recent behavior. Judgment and Decision Making, 10 (1), 76-85.","Cheek, Coe-Odess, & Schwartz, 2015, Study 4","http://journal.sjdm.org/14/141113/study4.sav","number of completed paper and pencil mazes (Solver)","quantity",0,0,1,2,9,1,1,2,18,1,1
"14.e1",NA,NA,10,9,24014,14,"Cheek, N. N., Coe-Odess, S., & Schwartz, B. (2015). What have I just done? Anchoring, self-knowledge, and judgments of recent behavior. Judgment and Decision Making, 10 (1), 76-85.","Cheek, Coe-Odess, & Schwartz, 2015, Study 4","http://journal.sjdm.org/14/141113/study4.sav","number of completed paper and pencil mazes (Solver)","quantity",0,0,1,2,9,1,1,2,18,0,1
"15.e1",NA,NA,14,27,24015,15,"Cheek, N. N., Coe-Odess, S., & Schwartz, B. (2015). What have I just done? Anchoring, self-knowledge, and judgments of recent behavior. Judgment and Decision Making, 10 (1), 76-85.","Cheek, Coe-Odess, & Schwartz, 2015, Study 4","http://journal.sjdm.org/14/141113/study4.sav","number of completed paper and pencil mazes (Solver)","quantity",0,0,1,2,9,1,1,2,18,1,1
"16.e1",NA,NA,11,9,24016,16,"Cheek, N. N., Coe-Odess, S., & Schwartz, B. (2015). What have I just done? Anchoring, self-knowledge, and judgments of recent behavior. Judgment and Decision Making, 10 (1), 76-85.","Cheek, Coe-Odess, & Schwartz, 2015, Study 4","http://journal.sjdm.org/14/141113/study4.sav","number of completed paper and pencil mazes (Solver)","quantity",0,0,1,2,9,1,1,2,18,0,1
"17.e1",NA,NA,15,27,24017,17,"Cheek, N. N., Coe-Odess, S., & Schwartz, B. (2015). What have I just done? Anchoring, self-knowledge, and judgments of recent behavior. Judgment and Decision Making, 10 (1), 76-85.","Cheek, Coe-Odess, & Schwartz, 2015, Study 4","http://journal.sjdm.org/14/141113/study4.sav","number of completed paper and pencil mazes (Solver)","quantity",0,0,1,2,9,1,1,2,18,1,1
"18.e1",NA,NA,12,9,24018,18,"Cheek, N. N., Coe-Odess, S., & Schwartz, B. (2015). What have I just done? Anchoring, self-knowledge, and judgments of recent behavior. Judgment and Decision Making, 10 (1), 76-85.","Cheek, Coe-Odess, & Schwartz, 2015, Study 4","http://journal.sjdm.org/14/141113/study4.sav","number of completed paper and pencil mazes (Solver)","quantity",0,0,1,2,9,1,1,2,18,0,1
"19.e1",NA,NA,15,27,24019,19,"Cheek, N. N., Coe-Odess, S., & Schwartz, B. (2015). What have I just done? Anchoring, self-knowledge, and judgments of recent behavior. Judgment and Decision Making, 10 (1), 76-85.","Cheek, Coe-Odess, & Schwartz, 2015, Study 4","http://journal.sjdm.org/14/141113/study4.sav","number of completed paper and pencil mazes (Solver)","quantity",0,0,1,2,9,1,1,2,18,1,1
"20.e1",NA,NA,12,9,24020,20,"Cheek, N. N., Coe-Odess, S., & Schwartz, B. (2015). What have I just done? Anchoring, self-knowledge, and judgments of recent behavior. Judgment and Decision Making, 10 (1), 76-85.","Cheek, Coe-Odess, & Schwartz, 2015, Study 4","http://journal.sjdm.org/14/141113/study4.sav","number of completed paper and pencil mazes (Solver)","quantity",0,0,1,2,9,1,1,2,18,0,1
"21.e1",NA,NA,21,27,24021,21,"Cheek, N. N., Coe-Odess, S., & Schwartz, B. (2015). What have I just done? Anchoring, self-knowledge, and judgments of recent behavior. Judgment and Decision Making, 10 (1), 76-85.","Cheek, Coe-Odess, & Schwartz, 2015, Study 4","http://journal.sjdm.org/14/141113/study4.sav","number of completed paper and pencil mazes (Solver)","quantity",0,0,1,2,9,1,1,2,18,1,1
"22.e1",NA,NA,17,9,24022,22,"Cheek, N. N., Coe-Odess, S., & Schwartz, B. (2015). What have I just done? Anchoring, self-knowledge, and judgments of recent behavior. Judgment and Decision Making, 10 (1), 76-85.","Cheek, Coe-Odess, & Schwartz, 2015, Study 4","http://journal.sjdm.org/14/141113/study4.sav","number of completed paper and pencil mazes (Solver)","quantity",0,0,1,2,9,1,1,2,18,0,1
"23.e1",NA,NA,18,27,24023,23,"Cheek, N. N., Coe-Odess, S., & Schwartz, B. (2015). What have I just done? Anchoring, self-knowledge, and judgments of recent behavior. Judgment and Decision Making, 10 (1), 76-85.","Cheek, Coe-Odess, & Schwartz, 2015, Study 4","http://journal.sjdm.org/14/141113/study4.sav","number of completed paper and pencil mazes (Solver)","quantity",0,0,1,2,9,1,1,2,18,1,1
"24.e1",NA,NA,18,9,24024,24,"Cheek, N. N., Coe-Odess, S., & Schwartz, B. (2015). What have I just done? Anchoring, self-knowledge, and judgments of recent behavior. Judgment and Decision Making, 10 (1), 76-85.","Cheek, Coe-Odess, & Schwartz, 2015, Study 4","http://journal.sjdm.org/14/141113/study4.sav","number of completed paper and pencil mazes (Solver)","quantity",0,0,1,2,9,1,1,2,18,0,1
"25.e1",NA,NA,15,27,24025,25,"Cheek, N. N., Coe-Odess, S., & Schwartz, B. (2015). What have I just done? Anchoring, self-knowledge, and judgments of recent behavior. Judgment and Decision Making, 10 (1), 76-85.","Cheek, Coe-Odess, & Schwartz, 2015, Study 4","http://journal.sjdm.org/14/141113/study4.sav","number of completed paper and pencil mazes (Solver)","quantity",0,0,1,2,9,1,1,2,18,1,1
"26.e1",NA,NA,16,9,24026,26,"Cheek, N. N., Coe-Odess, S., & Schwartz, B. (2015). What have I just done? Anchoring, self-knowledge, and judgments of recent behavior. Judgment and Decision Making, 10 (1), 76-85.","Cheek, Coe-Odess, & Schwartz, 2015, Study 4","http://journal.sjdm.org/14/141113/study4.sav","number of completed paper and pencil mazes (Solver)","quantity",0,0,1,2,9,1,1,2,18,0,1
"27.e1",NA,NA,20,27,24027,27,"Cheek, N. N., Coe-Odess, S., & Schwartz, B. (2015). What have I just done? Anchoring, self-knowledge, and judgments of recent behavior. Judgment and Decision Making, 10 (1), 76-85.","Cheek, Coe-Odess, & Schwartz, 2015, Study 4","http://journal.sjdm.org/14/141113/study4.sav","number of completed paper and pencil mazes (Solver)","quantity",0,0,1,2,9,1,1,2,18,1,1
"28.e1",NA,NA,20,9,24028,28,"Cheek, N. N., Coe-Odess, S., & Schwartz, B. (2015). What have I just done? Anchoring, self-knowledge, and judgments of recent behavior. Judgment and Decision Making, 10 (1), 76-85.","Cheek, Coe-Odess, & Schwartz, 2015, Study 4","http://journal.sjdm.org/14/141113/study4.sav","number of completed paper and pencil mazes (Solver)","quantity",0,0,1,2,9,1,1,2,18,0,1
"29.e1",NA,NA,27,27,24029,29,"Cheek, N. N., Coe-Odess, S., & Schwartz, B. (2015). What have I just done? Anchoring, self-knowledge, and judgments of recent behavior. Judgment and Decision Making, 10 (1), 76-85.","Cheek, Coe-Odess, & Schwartz, 2015, Study 4","http://journal.sjdm.org/14/141113/study4.sav","number of completed paper and pencil mazes (Solver)","quantity",0,0,1,2,9,1,1,2,18,1,1
"30.e1",NA,NA,12,9,24030,30,"Cheek, N. N., Coe-Odess, S., & Schwartz, B. (2015). What have I just done? Anchoring, self-knowledge, and judgments of recent behavior. Judgment and Decision Making, 10 (1), 76-85.","Cheek, Coe-Odess, & Schwartz, 2015, Study 4","http://journal.sjdm.org/14/141113/study4.sav","number of completed paper and pencil mazes (Solver)","quantity",0,0,1,2,9,1,1,2,18,0,1
"31.e1",NA,NA,16,27,24031,31,"Cheek, N. N., Coe-Odess, S., & Schwartz, B. (2015). What have I just done? Anchoring, self-knowledge, and judgments of recent behavior. Judgment and Decision Making, 10 (1), 76-85.","Cheek, Coe-Odess, & Schwartz, 2015, Study 4","http://journal.sjdm.org/14/141113/study4.sav","number of completed paper and pencil mazes (Solver)","quantity",0,0,1,2,9,1,1,2,18,1,1
"32.e1",NA,NA,18,9,24032,32,"Cheek, N. N., Coe-Odess, S., & Schwartz, B. (2015). What have I just done? Anchoring, self-knowledge, and judgments of recent behavior. Judgment and Decision Making, 10 (1), 76-85.","Cheek, Coe-Odess, & Schwartz, 2015, Study 4","http://journal.sjdm.org/14/141113/study4.sav","number of completed paper and pencil mazes (Solver)","quantity",0,0,1,2,9,1,1,2,18,0,1
"33.e1",NA,NA,18,27,24033,33,"Cheek, N. N., Coe-Odess, S., & Schwartz, B. (2015). What have I just done? Anchoring, self-knowledge, and judgments of recent behavior. Judgment and Decision Making, 10 (1), 76-85.","Cheek, Coe-Odess, & Schwartz, 2015, Study 4","http://journal.sjdm.org/14/141113/study4.sav","number of completed paper and pencil mazes (Solver)","quantity",0,0,1,2,9,1,1,2,18,1,1
"34.e1",NA,NA,20,9,24034,34,"Cheek, N. N., Coe-Odess, S., & Schwartz, B. (2015). What have I just done? Anchoring, self-knowledge, and judgments of recent behavior. Judgment and Decision Making, 10 (1), 76-85.","Cheek, Coe-Odess, & Schwartz, 2015, Study 4","http://journal.sjdm.org/14/141113/study4.sav","number of completed paper and pencil mazes (Solver)","quantity",0,0,1,2,9,1,1,2,18,0,1
"35.e1",NA,NA,25,27,24035,35,"Cheek, N. N., Coe-Odess, S., & Schwartz, B. (2015). What have I just done? Anchoring, self-knowledge, and judgments of recent behavior. Judgment and Decision Making, 10 (1), 76-85.","Cheek, Coe-Odess, & Schwartz, 2015, Study 4","http://journal.sjdm.org/14/141113/study4.sav","number of completed paper and pencil mazes (Solver)","quantity",0,0,1,2,9,1,1,2,18,1,1
"36.e1",NA,NA,10,9,24036,36,"Cheek, N. N., Coe-Odess, S., & Schwartz, B. (2015). What have I just done? Anchoring, self-knowledge, and judgments of recent behavior. Judgment and Decision Making, 10 (1), 76-85.","Cheek, Coe-Odess, & Schwartz, 2015, Study 4","http://journal.sjdm.org/14/141113/study4.sav","number of completed paper and pencil mazes (Solver)","quantity",0,0,1,2,9,1,1,2,18,0,1
"37.e1",NA,NA,12,27,24037,37,"Cheek, N. N., Coe-Odess, S., & Schwartz, B. (2015). What have I just done? Anchoring, self-knowledge, and judgments of recent behavior. Judgment and Decision Making, 10 (1), 76-85.","Cheek, Coe-Odess, & Schwartz, 2015, Study 4","http://journal.sjdm.org/14/141113/study4.sav","number of completed paper and pencil mazes (Solver)","quantity",0,0,1,2,9,1,1,2,18,1,1
"38.e1",NA,NA,10,9,24038,38,"Cheek, N. N., Coe-Odess, S., & Schwartz, B. (2015). What have I just done? Anchoring, self-knowledge, and judgments of recent behavior. Judgment and Decision Making, 10 (1), 76-85.","Cheek, Coe-Odess, & Schwartz, 2015, Study 4","http://journal.sjdm.org/14/141113/study4.sav","number of completed paper and pencil mazes (Solver)","quantity",0,0,1,2,9,1,1,2,18,0,1
"39.e1",NA,NA,13,27,24039,39,"Cheek, N. N., Coe-Odess, S., & Schwartz, B. (2015). What have I just done? Anchoring, self-knowledge, and judgments of recent behavior. Judgment and Decision Making, 10 (1), 76-85.","Cheek, Coe-Odess, & Schwartz, 2015, Study 4","http://journal.sjdm.org/14/141113/study4.sav","number of completed paper and pencil mazes (Solver)","quantity",0,0,1,2,9,1,1,2,18,1,1
"40.e1",NA,NA,10,9,24040,40,"Cheek, N. N., Coe-Odess, S., & Schwartz, B. (2015). What have I just done? Anchoring, self-knowledge, and judgments of recent behavior. Judgment and Decision Making, 10 (1), 76-85.","Cheek, Coe-Odess, & Schwartz, 2015, Study 4","http://journal.sjdm.org/14/141113/study4.sav","number of completed paper and pencil mazes (Solver)","quantity",0,0,1,2,9,1,1,2,18,0,1
"41.e1",NA,NA,16,27,24041,41,"Cheek, N. N., Coe-Odess, S., & Schwartz, B. (2015). What have I just done? Anchoring, self-knowledge, and judgments of recent behavior. Judgment and Decision Making, 10 (1), 76-85.","Cheek, Coe-Odess, & Schwartz, 2015, Study 4","http://journal.sjdm.org/14/141113/study4.sav","number of completed paper and pencil mazes (Solver)","quantity",0,0,1,2,9,1,1,2,18,1,1
"42.e1",NA,NA,12,9,24042,42,"Cheek, N. N., Coe-Odess, S., & Schwartz, B. (2015). What have I just done? Anchoring, self-knowledge, and judgments of recent behavior. Judgment and Decision Making, 10 (1), 76-85.","Cheek, Coe-Odess, & Schwartz, 2015, Study 4","http://journal.sjdm.org/14/141113/study4.sav","number of completed paper and pencil mazes (Solver)","quantity",0,0,1,2,9,1,1,2,18,0,1
"43.e1",NA,NA,15,27,24043,43,"Cheek, N. N., Coe-Odess, S., & Schwartz, B. (2015). What have I just done? Anchoring, self-knowledge, and judgments of recent behavior. Judgment and Decision Making, 10 (1), 76-85.","Cheek, Coe-Odess, & Schwartz, 2015, Study 4","http://journal.sjdm.org/14/141113/study4.sav","number of completed paper and pencil mazes (Solver)","quantity",0,0,1,2,9,1,1,2,18,1,1
"44.e1",NA,NA,8,9,24044,44,"Cheek, N. N., Coe-Odess, S., & Schwartz, B. (2015). What have I just done? Anchoring, self-knowledge, and judgments of recent behavior. Judgment and Decision Making, 10 (1), 76-85.","Cheek, Coe-Odess, & Schwartz, 2015, Study 4","http://journal.sjdm.org/14/141113/study4.sav","number of completed paper and pencil mazes (Solver)","quantity",0,0,1,2,9,1,1,2,18,0,1
"45.e1",NA,NA,25,27,24045,45,"Cheek, N. N., Coe-Odess, S., & Schwartz, B. (2015). What have I just done? Anchoring, self-knowledge, and judgments of recent behavior. Judgment and Decision Making, 10 (1), 76-85.","Cheek, Coe-Odess, & Schwartz, 2015, Study 4","http://journal.sjdm.org/14/141113/study4.sav","number of completed paper and pencil mazes (Solver)","quantity",0,0,1,2,9,1,1,2,18,1,1
"46.e1",NA,NA,14,9,24046,46,"Cheek, N. N., Coe-Odess, S., & Schwartz, B. (2015). What have I just done? Anchoring, self-knowledge, and judgments of recent behavior. Judgment and Decision Making, 10 (1), 76-85.","Cheek, Coe-Odess, & Schwartz, 2015, Study 4","http://journal.sjdm.org/14/141113/study4.sav","number of completed paper and pencil mazes (Solver)","quantity",0,0,1,2,9,1,1,2,18,0,1
"47.e1",NA,NA,13,27,24047,47,"Cheek, N. N., Coe-Odess, S., & Schwartz, B. (2015). What have I just done? Anchoring, self-knowledge, and judgments of recent behavior. Judgment and Decision Making, 10 (1), 76-85.","Cheek, Coe-Odess, & Schwartz, 2015, Study 4","http://journal.sjdm.org/14/141113/study4.sav","number of completed paper and pencil mazes (Solver)","quantity",0,0,1,2,9,1,1,2,18,1,1
"48.e1",NA,NA,12,9,24048,48,"Cheek, N. N., Coe-Odess, S., & Schwartz, B. (2015). What have I just done? Anchoring, self-knowledge, and judgments of recent behavior. Judgment and Decision Making, 10 (1), 76-85.","Cheek, Coe-Odess, & Schwartz, 2015, Study 4","http://journal.sjdm.org/14/141113/study4.sav","number of completed paper and pencil mazes (Solver)","quantity",0,0,1,2,9,1,1,2,18,0,1
"49.e1",NA,NA,29,27,24049,49,"Cheek, N. N., Coe-Odess, S., & Schwartz, B. (2015). What have I just done? Anchoring, self-knowledge, and judgments of recent behavior. Judgment and Decision Making, 10 (1), 76-85.","Cheek, Coe-Odess, & Schwartz, 2015, Study 4","http://journal.sjdm.org/14/141113/study4.sav","number of completed paper and pencil mazes (Solver)","quantity",0,0,1,2,9,1,1,2,18,1,1
"50.e1",NA,NA,20,9,24050,50,"Cheek, N. N., Coe-Odess, S., & Schwartz, B. (2015). What have I just done? Anchoring, self-knowledge, and judgments of recent behavior. Judgment and Decision Making, 10 (1), 76-85.","Cheek, Coe-Odess, & Schwartz, 2015, Study 4","http://journal.sjdm.org/14/141113/study4.sav","number of completed paper and pencil mazes (Solver)","quantity",0,0,1,2,9,1,1,2,18,0,1
"51.e1",NA,NA,20,27,24051,51,"Cheek, N. N., Coe-Odess, S., & Schwartz, B. (2015). What have I just done? Anchoring, self-knowledge, and judgments of recent behavior. Judgment and Decision Making, 10 (1), 76-85.","Cheek, Coe-Odess, & Schwartz, 2015, Study 4","http://journal.sjdm.org/14/141113/study4.sav","number of completed paper and pencil mazes (Solver)","quantity",0,0,1,2,9,1,1,2,18,1,1
"52.e1",NA,NA,12,9,24052,52,"Cheek, N. N., Coe-Odess, S., & Schwartz, B. (2015). What have I just done? Anchoring, self-knowledge, and judgments of recent behavior. Judgment and Decision Making, 10 (1), 76-85.","Cheek, Coe-Odess, & Schwartz, 2015, Study 4","http://journal.sjdm.org/14/141113/study4.sav","number of completed paper and pencil mazes (Solver)","quantity",0,0,1,2,9,1,1,2,18,0,1
"53.e1",NA,NA,15,27,24053,53,"Cheek, N. N., Coe-Odess, S., & Schwartz, B. (2015). What have I just done? Anchoring, self-knowledge, and judgments of recent behavior. Judgment and Decision Making, 10 (1), 76-85.","Cheek, Coe-Odess, & Schwartz, 2015, Study 4","http://journal.sjdm.org/14/141113/study4.sav","number of completed paper and pencil mazes (Solver)","quantity",0,0,1,2,9,1,1,2,18,1,1
"54.e1",NA,NA,10,9,24054,54,"Cheek, N. N., Coe-Odess, S., & Schwartz, B. (2015). What have I just done? Anchoring, self-knowledge, and judgments of recent behavior. Judgment and Decision Making, 10 (1), 76-85.","Cheek, Coe-Odess, & Schwartz, 2015, Study 4","http://journal.sjdm.org/14/141113/study4.sav","number of completed paper and pencil mazes (Solver)","quantity",0,0,1,2,9,1,1,2,18,0,1
"55.e1",NA,NA,15,9,24055,55,"Cheek, N. N., Coe-Odess, S., & Schwartz, B. (2015). What have I just done? Anchoring, self-knowledge, and judgments of recent behavior. Judgment and Decision Making, 10 (1), 76-85.","Cheek, Coe-Odess, & Schwartz, 2015, Study 4","http://journal.sjdm.org/14/141113/study4.sav","number of completed paper and pencil mazes (Solver)","quantity",0,0,1,2,9,1,1,2,18,0,1
"56.e1",NA,NA,15,27,24056,56,"Cheek, N. N., Coe-Odess, S., & Schwartz, B. (2015). What have I just done? Anchoring, self-knowledge, and judgments of recent behavior. Judgment and Decision Making, 10 (1), 76-85.","Cheek, Coe-Odess, & Schwartz, 2015, Study 4","http://journal.sjdm.org/14/141113/study4.sav","number of completed paper and pencil mazes (Solver)","quantity",0,0,1,2,9,1,1,2,18,1,1
"57.e1",NA,NA,12,9,24057,57,"Cheek, N. N., Coe-Odess, S., & Schwartz, B. (2015). What have I just done? Anchoring, self-knowledge, and judgments of recent behavior. Judgment and Decision Making, 10 (1), 76-85.","Cheek, Coe-Odess, & Schwartz, 2015, Study 4","http://journal.sjdm.org/14/141113/study4.sav","number of completed paper and pencil mazes (Solver)","quantity",0,0,1,2,9,1,1,2,18,0,1
"58.e1",NA,NA,20,27,24058,58,"Cheek, N. N., Coe-Odess, S., & Schwartz, B. (2015). What have I just done? Anchoring, self-knowledge, and judgments of recent behavior. Judgment and Decision Making, 10 (1), 76-85.","Cheek, Coe-Odess, & Schwartz, 2015, Study 4","http://journal.sjdm.org/14/141113/study4.sav","number of completed paper and pencil mazes (Solver)","quantity",0,0,1,2,9,1,1,2,18,1,1
"59.e1",NA,NA,12,9,24059,59,"Cheek, N. N., Coe-Odess, S., & Schwartz, B. (2015). What have I just done? Anchoring, self-knowledge, and judgments of recent behavior. Judgment and Decision Making, 10 (1), 76-85.","Cheek, Coe-Odess, & Schwartz, 2015, Study 4","http://journal.sjdm.org/14/141113/study4.sav","number of completed paper and pencil mazes (Solver)","quantity",0,0,1,2,9,1,1,2,18,0,1
"60.e1",NA,NA,7,9,24060,60,"Cheek, N. N., Coe-Odess, S., & Schwartz, B. (2015). What have I just done? Anchoring, self-knowledge, and judgments of recent behavior. Judgment and Decision Making, 10 (1), 76-85.","Cheek, Coe-Odess, & Schwartz, 2015, Study 4","http://journal.sjdm.org/14/141113/study4.sav","number of completed paper and pencil mazes (Solver)","quantity",0,0,1,2,9,1,1,2,18,0,1
"61.e1",NA,NA,11,9,24061,61,"Cheek, N. N., Coe-Odess, S., & Schwartz, B. (2015). What have I just done? Anchoring, self-knowledge, and judgments of recent behavior. Judgment and Decision Making, 10 (1), 76-85.","Cheek, Coe-Odess, & Schwartz, 2015, Study 4","http://journal.sjdm.org/14/141113/study4.sav","number of completed paper and pencil mazes (Solver)","quantity",0,0,1,2,9,1,1,2,18,0,1
"62.e1",NA,NA,18,27,24062,62,"Cheek, N. N., Coe-Odess, S., & Schwartz, B. (2015). What have I just done? Anchoring, self-knowledge, and judgments of recent behavior. Judgment and Decision Making, 10 (1), 76-85.","Cheek, Coe-Odess, & Schwartz, 2015, Study 4","http://journal.sjdm.org/14/141113/study4.sav","number of completed paper and pencil mazes (Solver)","quantity",0,0,1,2,9,1,1,2,18,1,1
"63.e1",NA,NA,10,9,24063,63,"Cheek, N. N., Coe-Odess, S., & Schwartz, B. (2015). What have I just done? Anchoring, self-knowledge, and judgments of recent behavior. Judgment and Decision Making, 10 (1), 76-85.","Cheek, Coe-Odess, & Schwartz, 2015, Study 4","http://journal.sjdm.org/14/141113/study4.sav","number of completed paper and pencil mazes (Solver)","quantity",0,0,1,2,9,1,1,2,18,0,1
"64.e1",NA,NA,16,9,24064,64,"Cheek, N. N., Coe-Odess, S., & Schwartz, B. (2015). What have I just done? Anchoring, self-knowledge, and judgments of recent behavior. Judgment and Decision Making, 10 (1), 76-85.","Cheek, Coe-Odess, & Schwartz, 2015, Study 4","http://journal.sjdm.org/14/141113/study4.sav","number of completed paper and pencil mazes (Solver)","quantity",0,0,1,2,9,1,1,2,18,0,1
"65.e1",NA,NA,30,27,24065,65,"Cheek, N. N., Coe-Odess, S., & Schwartz, B. (2015). What have I just done? Anchoring, self-knowledge, and judgments of recent behavior. Judgment and Decision Making, 10 (1), 76-85.","Cheek, Coe-Odess, & Schwartz, 2015, Study 4","http://journal.sjdm.org/14/141113/study4.sav","number of completed paper and pencil mazes (Solver)","quantity",0,0,1,2,9,1,1,2,18,1,1
"66.e1",NA,NA,18,27,24066,66,"Cheek, N. N., Coe-Odess, S., & Schwartz, B. (2015). What have I just done? Anchoring, self-knowledge, and judgments of recent behavior. Judgment and Decision Making, 10 (1), 76-85.","Cheek, Coe-Odess, & Schwartz, 2015, Study 4","http://journal.sjdm.org/14/141113/study4.sav","number of completed paper and pencil mazes (Solver)","quantity",0,0,1,2,9,1,1,2,18,1,1
"67.e1",NA,NA,10,9,24067,67,"Cheek, N. N., Coe-Odess, S., & Schwartz, B. (2015). What have I just done? Anchoring, self-knowledge, and judgments of recent behavior. Judgment and Decision Making, 10 (1), 76-85.","Cheek, Coe-Odess, & Schwartz, 2015, Study 4","http://journal.sjdm.org/14/141113/study4.sav","number of completed paper and pencil mazes (Solver)","quantity",0,0,1,2,9,1,1,2,18,0,1
"68.e1",NA,NA,20,9,24068,68,"Cheek, N. N., Coe-Odess, S., & Schwartz, B. (2015). What have I just done? Anchoring, self-knowledge, and judgments of recent behavior. Judgment and Decision Making, 10 (1), 76-85.","Cheek, Coe-Odess, & Schwartz, 2015, Study 4","http://journal.sjdm.org/14/141113/study4.sav","number of completed paper and pencil mazes (Solver)","quantity",0,0,1,2,9,1,1,2,18,0,1
"69.e1",NA,NA,15,27,24069,69,"Cheek, N. N., Coe-Odess, S., & Schwartz, B. (2015). What have I just done? Anchoring, self-knowledge, and judgments of recent behavior. Judgment and Decision Making, 10 (1), 76-85.","Cheek, Coe-Odess, & Schwartz, 2015, Study 4","http://journal.sjdm.org/14/141113/study4.sav","number of completed paper and pencil mazes (Solver)","quantity",0,0,1,2,9,1,1,2,18,1,1
"70.e1",NA,NA,16,27,24070,70,"Cheek, N. N., Coe-Odess, S., & Schwartz, B. (2015). What have I just done? Anchoring, self-knowledge, and judgments of recent behavior. Judgment and Decision Making, 10 (1), 76-85.","Cheek, Coe-Odess, & Schwartz, 2015, Study 4","http://journal.sjdm.org/14/141113/study4.sav","number of completed paper and pencil mazes (Solver)","quantity",0,0,1,2,9,1,1,2,18,1,1
"71.e1",NA,NA,18,27,24071,71,"Cheek, N. N., Coe-Odess, S., & Schwartz, B. (2015). What have I just done? Anchoring, self-knowledge, and judgments of recent behavior. Judgment and Decision Making, 10 (1), 76-85.","Cheek, Coe-Odess, & Schwartz, 2015, Study 4","http://journal.sjdm.org/14/141113/study4.sav","number of completed paper and pencil mazes (Solver)","quantity",0,0,1,2,9,1,1,2,18,1,1
"72.e1",NA,NA,10,27,24072,72,"Cheek, N. N., Coe-Odess, S., & Schwartz, B. (2015). What have I just done? Anchoring, self-knowledge, and judgments of recent behavior. Judgment and Decision Making, 10 (1), 76-85.","Cheek, Coe-Odess, & Schwartz, 2015, Study 4","http://journal.sjdm.org/14/141113/study4.sav","number of completed paper and pencil mazes (Solver)","quantity",0,0,1,2,9,1,1,2,18,1,1
"73.e1",NA,NA,12,9,24073,73,"Cheek, N. N., Coe-Odess, S., & Schwartz, B. (2015). What have I just done? Anchoring, self-knowledge, and judgments of recent behavior. Judgment and Decision Making, 10 (1), 76-85.","Cheek, Coe-Odess, & Schwartz, 2015, Study 4","http://journal.sjdm.org/14/141113/study4.sav","number of completed paper and pencil mazes (Solver)","quantity",0,0,1,2,9,1,1,2,18,0,1
"74.e1",NA,NA,12,9,24074,74,"Cheek, N. N., Coe-Odess, S., & Schwartz, B. (2015). What have I just done? Anchoring, self-knowledge, and judgments of recent behavior. Judgment and Decision Making, 10 (1), 76-85.","Cheek, Coe-Odess, & Schwartz, 2015, Study 4","http://journal.sjdm.org/14/141113/study4.sav","number of completed paper and pencil mazes (Solver)","quantity",0,0,1,2,9,1,1,2,18,0,1
"75.e1",NA,NA,15,27,24075,75,"Cheek, N. N., Coe-Odess, S., & Schwartz, B. (2015). What have I just done? Anchoring, self-knowledge, and judgments of recent behavior. Judgment and Decision Making, 10 (1), 76-85.","Cheek, Coe-Odess, & Schwartz, 2015, Study 4","http://journal.sjdm.org/14/141113/study4.sav","number of completed paper and pencil mazes (Solver)","quantity",0,0,1,2,9,1,1,2,18,1,1
"76.e1",NA,NA,16,27,24076,76,"Cheek, N. N., Coe-Odess, S., & Schwartz, B. (2015). What have I just done? Anchoring, self-knowledge, and judgments of recent behavior. Judgment and Decision Making, 10 (1), 76-85.","Cheek, Coe-Odess, & Schwartz, 2015, Study 4","http://journal.sjdm.org/14/141113/study4.sav","number of completed paper and pencil mazes (Solver)","quantity",0,0,1,2,9,1,1,2,18,1,1
"77.e1",NA,NA,18,9,24077,77,"Cheek, N. N., Coe-Odess, S., & Schwartz, B. (2015). What have I just done? Anchoring, self-knowledge, and judgments of recent behavior. Judgment and Decision Making, 10 (1), 76-85.","Cheek, Coe-Odess, & Schwartz, 2015, Study 4","http://journal.sjdm.org/14/141113/study4.sav","number of completed paper and pencil mazes (Solver)","quantity",0,0,1,2,9,1,1,2,18,0,1
"78.e1",NA,NA,12,9,24078,78,"Cheek, N. N., Coe-Odess, S., & Schwartz, B. (2015). What have I just done? Anchoring, self-knowledge, and judgments of recent behavior. Judgment and Decision Making, 10 (1), 76-85.","Cheek, Coe-Odess, & Schwartz, 2015, Study 4","http://journal.sjdm.org/14/141113/study4.sav","number of completed paper and pencil mazes (Solver)","quantity",0,0,1,2,9,1,1,2,18,0,1
"79.e1",NA,NA,14,27,24079,79,"Cheek, N. N., Coe-Odess, S., & Schwartz, B. (2015). What have I just done? Anchoring, self-knowledge, and judgments of recent behavior. Judgment and Decision Making, 10 (1), 76-85.","Cheek, Coe-Odess, & Schwartz, 2015, Study 4","http://journal.sjdm.org/14/141113/study4.sav","number of completed paper and pencil mazes (Solver)","quantity",0,0,1,2,9,1,1,2,18,1,1
"80.e1",NA,NA,15,27,24080,80,"Cheek, N. N., Coe-Odess, S., & Schwartz, B. (2015). What have I just done? Anchoring, self-knowledge, and judgments of recent behavior. Judgment and Decision Making, 10 (1), 76-85.","Cheek, Coe-Odess, & Schwartz, 2015, Study 4","http://journal.sjdm.org/14/141113/study4.sav","number of completed paper and pencil mazes (Solver)","quantity",0,0,1,2,9,1,1,2,18,1,1
"81.e1",NA,NA,10,9,24081,81,"Cheek, N. N., Coe-Odess, S., & Schwartz, B. (2015). What have I just done? Anchoring, self-knowledge, and judgments of recent behavior. Judgment and Decision Making, 10 (1), 76-85.","Cheek, Coe-Odess, & Schwartz, 2015, Study 4","http://journal.sjdm.org/14/141113/study4.sav","number of completed paper and pencil mazes (Solver)","quantity",0,0,1,2,9,1,1,2,18,0,1
"82.e1",NA,NA,11,9,24082,82,"Cheek, N. N., Coe-Odess, S., & Schwartz, B. (2015). What have I just done? Anchoring, self-knowledge, and judgments of recent behavior. Judgment and Decision Making, 10 (1), 76-85.","Cheek, Coe-Odess, & Schwartz, 2015, Study 4","http://journal.sjdm.org/14/141113/study4.sav","number of completed paper and pencil mazes (Solver)","quantity",0,0,1,2,9,1,1,2,18,0,1
"83.e1",NA,NA,10,9,24083,83,"Cheek, N. N., Coe-Odess, S., & Schwartz, B. (2015). What have I just done? Anchoring, self-knowledge, and judgments of recent behavior. Judgment and Decision Making, 10 (1), 76-85.","Cheek, Coe-Odess, & Schwartz, 2015, Study 4","http://journal.sjdm.org/14/141113/study4.sav","number of completed paper and pencil mazes (Solver)","quantity",0,0,1,2,9,1,1,2,18,0,1
"84.e1",NA,NA,14,9,24084,84,"Cheek, N. N., Coe-Odess, S., & Schwartz, B. (2015). What have I just done? Anchoring, self-knowledge, and judgments of recent behavior. Judgment and Decision Making, 10 (1), 76-85.","Cheek, Coe-Odess, & Schwartz, 2015, Study 4","http://journal.sjdm.org/14/141113/study4.sav","number of completed paper and pencil mazes (Solver)","quantity",0,0,1,2,9,1,1,2,18,0,1
"85.e1",NA,NA,9,9,24085,85,"Cheek, N. N., Coe-Odess, S., & Schwartz, B. (2015). What have I just done? Anchoring, self-knowledge, and judgments of recent behavior. Judgment and Decision Making, 10 (1), 76-85.","Cheek, Coe-Odess, & Schwartz, 2015, Study 4","http://journal.sjdm.org/14/141113/study4.sav","number of completed paper and pencil mazes (Solver)","quantity",0,0,1,2,9,1,1,2,18,0,1
"86.e1",NA,NA,18,27,24086,86,"Cheek, N. N., Coe-Odess, S., & Schwartz, B. (2015). What have I just done? Anchoring, self-knowledge, and judgments of recent behavior. Judgment and Decision Making, 10 (1), 76-85.","Cheek, Coe-Odess, & Schwartz, 2015, Study 4","http://journal.sjdm.org/14/141113/study4.sav","number of completed paper and pencil mazes (Solver)","quantity",0,0,1,2,9,1,1,2,18,1,1
"87.e1",NA,NA,18,27,24087,87,"Cheek, N. N., Coe-Odess, S., & Schwartz, B. (2015). What have I just done? Anchoring, self-knowledge, and judgments of recent behavior. Judgment and Decision Making, 10 (1), 76-85.","Cheek, Coe-Odess, & Schwartz, 2015, Study 4","http://journal.sjdm.org/14/141113/study4.sav","number of completed paper and pencil mazes (Solver)","quantity",0,0,1,2,9,1,1,2,18,1,1
"88.e1",NA,NA,8,9,24088,88,"Cheek, N. N., Coe-Odess, S., & Schwartz, B. (2015). What have I just done? Anchoring, self-knowledge, and judgments of recent behavior. Judgment and Decision Making, 10 (1), 76-85.","Cheek, Coe-Odess, & Schwartz, 2015, Study 4","http://journal.sjdm.org/14/141113/study4.sav","number of completed paper and pencil mazes (Solver)","quantity",0,0,1,2,9,1,1,2,18,0,1
"89.e1",NA,NA,15,9,24089,89,"Cheek, N. N., Coe-Odess, S., & Schwartz, B. (2015). What have I just done? Anchoring, self-knowledge, and judgments of recent behavior. Judgment and Decision Making, 10 (1), 76-85.","Cheek, Coe-Odess, & Schwartz, 2015, Study 4","http://journal.sjdm.org/14/141113/study4.sav","number of completed paper and pencil mazes (Solver)","quantity",0,0,1,2,9,1,1,2,18,0,1
"90.e1",NA,NA,15,27,24090,90,"Cheek, N. N., Coe-Odess, S., & Schwartz, B. (2015). What have I just done? Anchoring, self-knowledge, and judgments of recent behavior. Judgment and Decision Making, 10 (1), 76-85.","Cheek, Coe-Odess, & Schwartz, 2015, Study 4","http://journal.sjdm.org/14/141113/study4.sav","number of completed paper and pencil mazes (Solver)","quantity",0,0,1,2,9,1,1,2,18,1,1
"91.e1",NA,NA,20,27,24091,91,"Cheek, N. N., Coe-Odess, S., & Schwartz, B. (2015). What have I just done? Anchoring, self-knowledge, and judgments of recent behavior. Judgment and Decision Making, 10 (1), 76-85.","Cheek, Coe-Odess, & Schwartz, 2015, Study 4","http://journal.sjdm.org/14/141113/study4.sav","number of completed paper and pencil mazes (Solver)","quantity",0,0,1,2,9,1,1,2,18,1,1
"92.e1",NA,NA,15,9,24092,92,"Cheek, N. N., Coe-Odess, S., & Schwartz, B. (2015). What have I just done? Anchoring, self-knowledge, and judgments of recent behavior. Judgment and Decision Making, 10 (1), 76-85.","Cheek, Coe-Odess, & Schwartz, 2015, Study 4","http://journal.sjdm.org/14/141113/study4.sav","number of completed paper and pencil mazes (Solver)","quantity",0,0,1,2,9,1,1,2,18,0,1
"93.e1",NA,NA,15,9,24093,93,"Cheek, N. N., Coe-Odess, S., & Schwartz, B. (2015). What have I just done? Anchoring, self-knowledge, and judgments of recent behavior. Judgment and Decision Making, 10 (1), 76-85.","Cheek, Coe-Odess, & Schwartz, 2015, Study 4","http://journal.sjdm.org/14/141113/study4.sav","number of completed paper and pencil mazes (Solver)","quantity",0,0,1,2,9,1,1,2,18,0,1
"94.e1",NA,NA,14,27,24094,94,"Cheek, N. N., Coe-Odess, S., & Schwartz, B. (2015). What have I just done? Anchoring, self-knowledge, and judgments of recent behavior. Judgment and Decision Making, 10 (1), 76-85.","Cheek, Coe-Odess, & Schwartz, 2015, Study 4","http://journal.sjdm.org/14/141113/study4.sav","number of completed paper and pencil mazes (Solver)","quantity",0,0,1,2,9,1,1,2,18,1,1
"95.e1",NA,NA,15,27,24095,95,"Cheek, N. N., Coe-Odess, S., & Schwartz, B. (2015). What have I just done? Anchoring, self-knowledge, and judgments of recent behavior. Judgment and Decision Making, 10 (1), 76-85.","Cheek, Coe-Odess, & Schwartz, 2015, Study 4","http://journal.sjdm.org/14/141113/study4.sav","number of completed paper and pencil mazes (Solver)","quantity",0,0,1,2,9,1,1,2,18,1,1
"96.e1",NA,NA,16,9,24096,96,"Cheek, N. N., Coe-Odess, S., & Schwartz, B. (2015). What have I just done? Anchoring, self-knowledge, and judgments of recent behavior. Judgment and Decision Making, 10 (1), 76-85.","Cheek, Coe-Odess, & Schwartz, 2015, Study 4","http://journal.sjdm.org/14/141113/study4.sav","number of completed paper and pencil mazes (Solver)","quantity",0,0,1,2,9,1,1,2,18,0,1
"97.e1",NA,NA,20,9,24097,97,"Cheek, N. N., Coe-Odess, S., & Schwartz, B. (2015). What have I just done? Anchoring, self-knowledge, and judgments of recent behavior. Judgment and Decision Making, 10 (1), 76-85.","Cheek, Coe-Odess, & Schwartz, 2015, Study 4","http://journal.sjdm.org/14/141113/study4.sav","number of completed paper and pencil mazes (Solver)","quantity",0,0,1,2,9,1,1,2,18,0,1
"98.e1",NA,NA,20,27,24098,98,"Cheek, N. N., Coe-Odess, S., & Schwartz, B. (2015). What have I just done? Anchoring, self-knowledge, and judgments of recent behavior. Judgment and Decision Making, 10 (1), 76-85.","Cheek, Coe-Odess, & Schwartz, 2015, Study 4","http://journal.sjdm.org/14/141113/study4.sav","number of completed paper and pencil mazes (Solver)","quantity",0,0,1,2,9,1,1,2,18,1,1
"99.e1",NA,NA,20,27,24099,99,"Cheek, N. N., Coe-Odess, S., & Schwartz, B. (2015). What have I just done? Anchoring, self-knowledge, and judgments of recent behavior. Judgment and Decision Making, 10 (1), 76-85.","Cheek, Coe-Odess, & Schwartz, 2015, Study 4","http://journal.sjdm.org/14/141113/study4.sav","number of completed paper and pencil mazes (Solver)","quantity",0,0,1,2,9,1,1,2,18,1,1
"100.e1",NA,NA,10,9,24100,100,"Cheek, N. N., Coe-Odess, S., & Schwartz, B. (2015). What have I just done? Anchoring, self-knowledge, and judgments of recent behavior. Judgment and Decision Making, 10 (1), 76-85.","Cheek, Coe-Odess, & Schwartz, 2015, Study 4","http://journal.sjdm.org/14/141113/study4.sav","number of completed paper and pencil mazes (Solver)","quantity",0,0,1,2,9,1,1,2,18,0,1
"101.e1",NA,NA,14,9,24101,101,"Cheek, N. N., Coe-Odess, S., & Schwartz, B. (2015). What have I just done? Anchoring, self-knowledge, and judgments of recent behavior. Judgment and Decision Making, 10 (1), 76-85.","Cheek, Coe-Odess, & Schwartz, 2015, Study 4","http://journal.sjdm.org/14/141113/study4.sav","number of completed paper and pencil mazes (Solver)","quantity",0,0,1,2,9,1,1,2,18,0,1
"102.e1",NA,NA,18,27,24102,102,"Cheek, N. N., Coe-Odess, S., & Schwartz, B. (2015). What have I just done? Anchoring, self-knowledge, and judgments of recent behavior. Judgment and Decision Making, 10 (1), 76-85.","Cheek, Coe-Odess, & Schwartz, 2015, Study 4","http://journal.sjdm.org/14/141113/study4.sav","number of completed paper and pencil mazes (Solver)","quantity",0,0,1,2,9,1,1,2,18,1,1
"103.e1",NA,NA,26,27,24103,103,"Cheek, N. N., Coe-Odess, S., & Schwartz, B. (2015). What have I just done? Anchoring, self-knowledge, and judgments of recent behavior. Judgment and Decision Making, 10 (1), 76-85.","Cheek, Coe-Odess, & Schwartz, 2015, Study 4","http://journal.sjdm.org/14/141113/study4.sav","number of completed paper and pencil mazes (Solver)","quantity",0,0,1,2,9,1,1,2,18,1,1
"104.e1",NA,NA,5,9,24104,104,"Cheek, N. N., Coe-Odess, S., & Schwartz, B. (2015). What have I just done? Anchoring, self-knowledge, and judgments of recent behavior. Judgment and Decision Making, 10 (1), 76-85.","Cheek, Coe-Odess, & Schwartz, 2015, Study 4","http://journal.sjdm.org/14/141113/study4.sav","number of completed paper and pencil mazes (Solver)","quantity",0,0,1,2,9,1,1,2,18,0,1
"105.e1",NA,NA,12,9,24105,105,"Cheek, N. N., Coe-Odess, S., & Schwartz, B. (2015). What have I just done? Anchoring, self-knowledge, and judgments of recent behavior. Judgment and Decision Making, 10 (1), 76-85.","Cheek, Coe-Odess, & Schwartz, 2015, Study 4","http://journal.sjdm.org/14/141113/study4.sav","number of completed paper and pencil mazes (Solver)","quantity",0,0,1,2,9,1,1,2,18,0,1
"106.e1",NA,NA,27,27,24106,106,"Cheek, N. N., Coe-Odess, S., & Schwartz, B. (2015). What have I just done? Anchoring, self-knowledge, and judgments of recent behavior. Judgment and Decision Making, 10 (1), 76-85.","Cheek, Coe-Odess, & Schwartz, 2015, Study 4","http://journal.sjdm.org/14/141113/study4.sav","number of completed paper and pencil mazes (Solver)","quantity",0,0,1,2,9,1,1,2,18,1,1
"107.e1",NA,NA,20,27,24107,107,"Cheek, N. N., Coe-Odess, S., & Schwartz, B. (2015). What have I just done? Anchoring, self-knowledge, and judgments of recent behavior. Judgment and Decision Making, 10 (1), 76-85.","Cheek, Coe-Odess, & Schwartz, 2015, Study 4","http://journal.sjdm.org/14/141113/study4.sav","number of completed paper and pencil mazes (Solver)","quantity",0,0,1,2,9,1,1,2,18,1,1
"108.e1",NA,NA,12,9,24108,108,"Cheek, N. N., Coe-Odess, S., & Schwartz, B. (2015). What have I just done? Anchoring, self-knowledge, and judgments of recent behavior. Judgment and Decision Making, 10 (1), 76-85.","Cheek, Coe-Odess, & Schwartz, 2015, Study 4","http://journal.sjdm.org/14/141113/study4.sav","number of completed paper and pencil mazes (Solver)","quantity",0,0,1,2,9,1,1,2,18,0,1
"109.e1",NA,NA,12,9,24109,109,"Cheek, N. N., Coe-Odess, S., & Schwartz, B. (2015). What have I just done? Anchoring, self-knowledge, and judgments of recent behavior. Judgment and Decision Making, 10 (1), 76-85.","Cheek, Coe-Odess, & Schwartz, 2015, Study 4","http://journal.sjdm.org/14/141113/study4.sav","number of completed paper and pencil mazes (Solver)","quantity",0,0,1,2,9,1,1,2,18,0,1
"110.e1",NA,NA,20,27,24110,110,"Cheek, N. N., Coe-Odess, S., & Schwartz, B. (2015). What have I just done? Anchoring, self-knowledge, and judgments of recent behavior. Judgment and Decision Making, 10 (1), 76-85.","Cheek, Coe-Odess, & Schwartz, 2015, Study 4","http://journal.sjdm.org/14/141113/study4.sav","number of completed paper and pencil mazes (Solver)","quantity",0,0,1,2,9,1,1,2,18,1,1
"111.e1",NA,NA,27,27,24111,111,"Cheek, N. N., Coe-Odess, S., & Schwartz, B. (2015). What have I just done? Anchoring, self-knowledge, and judgments of recent behavior. Judgment and Decision Making, 10 (1), 76-85.","Cheek, Coe-Odess, & Schwartz, 2015, Study 4","http://journal.sjdm.org/14/141113/study4.sav","number of completed paper and pencil mazes (Solver)","quantity",0,0,1,2,9,1,1,2,18,1,1
"112.e1",NA,NA,10,9,24112,112,"Cheek, N. N., Coe-Odess, S., & Schwartz, B. (2015). What have I just done? Anchoring, self-knowledge, and judgments of recent behavior. Judgment and Decision Making, 10 (1), 76-85.","Cheek, Coe-Odess, & Schwartz, 2015, Study 4","http://journal.sjdm.org/14/141113/study4.sav","number of completed paper and pencil mazes (Solver)","quantity",0,0,1,2,9,1,1,2,18,0,1
"113.e1",NA,NA,11,9,24113,113,"Cheek, N. N., Coe-Odess, S., & Schwartz, B. (2015). What have I just done? Anchoring, self-knowledge, and judgments of recent behavior. Judgment and Decision Making, 10 (1), 76-85.","Cheek, Coe-Odess, & Schwartz, 2015, Study 4","http://journal.sjdm.org/14/141113/study4.sav","number of completed paper and pencil mazes (Solver)","quantity",0,0,1,2,9,1,1,2,18,0,1
"114.e1",NA,NA,18,27,24114,114,"Cheek, N. N., Coe-Odess, S., & Schwartz, B. (2015). What have I just done? Anchoring, self-knowledge, and judgments of recent behavior. Judgment and Decision Making, 10 (1), 76-85.","Cheek, Coe-Odess, & Schwartz, 2015, Study 4","http://journal.sjdm.org/14/141113/study4.sav","number of completed paper and pencil mazes (Solver)","quantity",0,0,1,2,9,1,1,2,18,1,1
"115.e1",NA,NA,30,27,24115,115,"Cheek, N. N., Coe-Odess, S., & Schwartz, B. (2015). What have I just done? Anchoring, self-knowledge, and judgments of recent behavior. Judgment and Decision Making, 10 (1), 76-85.","Cheek, Coe-Odess, & Schwartz, 2015, Study 4","http://journal.sjdm.org/14/141113/study4.sav","number of completed paper and pencil mazes (Solver)","quantity",0,0,1,2,9,1,1,2,18,1,1
"116.e1",NA,NA,19,27,24116,116,"Cheek, N. N., Coe-Odess, S., & Schwartz, B. (2015). What have I just done? Anchoring, self-knowledge, and judgments of recent behavior. Judgment and Decision Making, 10 (1), 76-85.","Cheek, Coe-Odess, & Schwartz, 2015, Study 4","http://journal.sjdm.org/14/141113/study4.sav","number of completed paper and pencil mazes (Solver)","quantity",0,0,1,2,9,1,1,2,18,1,1
"117.e1",NA,NA,16,27,24117,117,"Cheek, N. N., Coe-Odess, S., & Schwartz, B. (2015). What have I just done? Anchoring, self-knowledge, and judgments of recent behavior. Judgment and Decision Making, 10 (1), 76-85.","Cheek, Coe-Odess, & Schwartz, 2015, Study 4","http://journal.sjdm.org/14/141113/study4.sav","number of completed paper and pencil mazes (Solver)","quantity",0,0,1,2,9,1,1,2,18,1,1
"118.e1",NA,NA,14,9,24118,118,"Cheek, N. N., Coe-Odess, S., & Schwartz, B. (2015). What have I just done? Anchoring, self-knowledge, and judgments of recent behavior. Judgment and Decision Making, 10 (1), 76-85.","Cheek, Coe-Odess, & Schwartz, 2015, Study 4","http://journal.sjdm.org/14/141113/study4.sav","number of completed paper and pencil mazes (Solver)","quantity",0,0,1,2,9,1,1,2,18,0,1
"119.e1",NA,NA,12,9,24119,119,"Cheek, N. N., Coe-Odess, S., & Schwartz, B. (2015). What have I just done? Anchoring, self-knowledge, and judgments of recent behavior. Judgment and Decision Making, 10 (1), 76-85.","Cheek, Coe-Odess, & Schwartz, 2015, Study 4","http://journal.sjdm.org/14/141113/study4.sav","number of completed paper and pencil mazes (Solver)","quantity",0,0,1,2,9,1,1,2,18,0,1
"120.e1",NA,NA,12,9,24120,120,"Cheek, N. N., Coe-Odess, S., & Schwartz, B. (2015). What have I just done? Anchoring, self-knowledge, and judgments of recent behavior. Judgment and Decision Making, 10 (1), 76-85.","Cheek, Coe-Odess, & Schwartz, 2015, Study 4","http://journal.sjdm.org/14/141113/study4.sav","number of completed paper and pencil mazes (Solver)","quantity",0,0,1,2,9,1,1,2,18,0,1
"121.e1",NA,NA,15,27,24121,121,"Cheek, N. N., Coe-Odess, S., & Schwartz, B. (2015). What have I just done? Anchoring, self-knowledge, and judgments of recent behavior. Judgment and Decision Making, 10 (1), 76-85.","Cheek, Coe-Odess, & Schwartz, 2015, Study 4","http://journal.sjdm.org/14/141113/study4.sav","number of completed paper and pencil mazes (Solver)","quantity",0,0,1,2,9,1,1,2,18,1,1
"122.e1",NA,NA,20,27,24122,122,"Cheek, N. N., Coe-Odess, S., & Schwartz, B. (2015). What have I just done? Anchoring, self-knowledge, and judgments of recent behavior. Judgment and Decision Making, 10 (1), 76-85.","Cheek, Coe-Odess, & Schwartz, 2015, Study 4","http://journal.sjdm.org/14/141113/study4.sav","number of completed paper and pencil mazes (Solver)","quantity",0,0,1,2,9,1,1,2,18,1,1
"123.e1",NA,NA,11,9,24123,123,"Cheek, N. N., Coe-Odess, S., & Schwartz, B. (2015). What have I just done? Anchoring, self-knowledge, and judgments of recent behavior. Judgment and Decision Making, 10 (1), 76-85.","Cheek, Coe-Odess, & Schwartz, 2015, Study 4","http://journal.sjdm.org/14/141113/study4.sav","number of completed paper and pencil mazes (Solver)","quantity",0,0,1,2,9,1,1,2,18,0,1
"124.e1",NA,NA,10,9,24124,124,"Cheek, N. N., Coe-Odess, S., & Schwartz, B. (2015). What have I just done? Anchoring, self-knowledge, and judgments of recent behavior. Judgment and Decision Making, 10 (1), 76-85.","Cheek, Coe-Odess, & Schwartz, 2015, Study 4","http://journal.sjdm.org/14/141113/study4.sav","number of completed paper and pencil mazes (Solver)","quantity",0,0,1,2,9,1,1,2,18,0,1
"125.e1",NA,NA,20,27,24125,125,"Cheek, N. N., Coe-Odess, S., & Schwartz, B. (2015). What have I just done? Anchoring, self-knowledge, and judgments of recent behavior. Judgment and Decision Making, 10 (1), 76-85.","Cheek, Coe-Odess, & Schwartz, 2015, Study 4","http://journal.sjdm.org/14/141113/study4.sav","number of completed paper and pencil mazes (Solver)","quantity",0,0,1,2,9,1,1,2,18,1,1
"126.e1",NA,NA,26,27,24126,126,"Cheek, N. N., Coe-Odess, S., & Schwartz, B. (2015). What have I just done? Anchoring, self-knowledge, and judgments of recent behavior. Judgment and Decision Making, 10 (1), 76-85.","Cheek, Coe-Odess, & Schwartz, 2015, Study 4","http://journal.sjdm.org/14/141113/study4.sav","number of completed paper and pencil mazes (Solver)","quantity",0,0,1,2,9,1,1,2,18,1,1
"127.e1",NA,NA,12,27,24127,127,"Cheek, N. N., Coe-Odess, S., & Schwartz, B. (2015). What have I just done? Anchoring, self-knowledge, and judgments of recent behavior. Judgment and Decision Making, 10 (1), 76-85.","Cheek, Coe-Odess, & Schwartz, 2015, Study 4","http://journal.sjdm.org/14/141113/study4.sav","number of completed paper and pencil mazes (Solver)","quantity",0,0,1,2,9,1,1,2,18,1,1
"128.e1",NA,NA,17,9,24128,128,"Cheek, N. N., Coe-Odess, S., & Schwartz, B. (2015). What have I just done? Anchoring, self-knowledge, and judgments of recent behavior. Judgment and Decision Making, 10 (1), 76-85.","Cheek, Coe-Odess, & Schwartz, 2015, Study 4","http://journal.sjdm.org/14/141113/study4.sav","number of completed paper and pencil mazes (Solver)","quantity",0,0,1,2,9,1,1,2,18,0,1
"129.e1",NA,NA,15,9,24129,129,"Cheek, N. N., Coe-Odess, S., & Schwartz, B. (2015). What have I just done? Anchoring, self-knowledge, and judgments of recent behavior. Judgment and Decision Making, 10 (1), 76-85.","Cheek, Coe-Odess, & Schwartz, 2015, Study 4","http://journal.sjdm.org/14/141113/study4.sav","number of completed paper and pencil mazes (Solver)","quantity",0,0,1,2,9,1,1,2,18,0,1
"130.e1",NA,NA,16,27,24130,130,"Cheek, N. N., Coe-Odess, S., & Schwartz, B. (2015). What have I just done? Anchoring, self-knowledge, and judgments of recent behavior. Judgment and Decision Making, 10 (1), 76-85.","Cheek, Coe-Odess, & Schwartz, 2015, Study 4","http://journal.sjdm.org/14/141113/study4.sav","number of completed paper and pencil mazes (Solver)","quantity",0,0,1,2,9,1,1,2,18,1,1
"131.e1",NA,NA,20,27,24131,131,"Cheek, N. N., Coe-Odess, S., & Schwartz, B. (2015). What have I just done? Anchoring, self-knowledge, and judgments of recent behavior. Judgment and Decision Making, 10 (1), 76-85.","Cheek, Coe-Odess, & Schwartz, 2015, Study 4","http://journal.sjdm.org/14/141113/study4.sav","number of completed paper and pencil mazes (Solver)","quantity",0,0,1,2,9,1,1,2,18,1,1
