"","age","sex","estimate","true_value","anchor","participant_id","id","reference","reference_short","link","anchoring_item","tasktype","direction","incentive","comparative_question","experiment_type","stimulitype","sampletype","scaletype","anchortype","anchorhigh","published"
"1",38,2,2478,1063,400,1,57001,"Lammers, J., & Burgmer, P. (2017). Power Increases Anchoring Effects on Judgment. Social Cognition, 35(1), 40–53. https://doi.org/10.1521/soco.2017.35.1.40","Lammers & Burgmer, 2017, Study 2","https://osf.io/yt38u/","Height of the Eiffel Tower (ft)","height",0,1,1,1,1,1,1,3,0,1
"2",43,1,1500,1063,400,2,57002,"Lammers, J., & Burgmer, P. (2017). Power Increases Anchoring Effects on Judgment. Social Cognition, 35(1), 40–53. https://doi.org/10.1521/soco.2017.35.1.40","Lammers & Burgmer, 2017, Study 2","https://osf.io/yt38u/","Height of the Eiffel Tower (ft)","height",0,1,1,1,1,1,1,3,0,1
"3",52,1,1250,1063,400,3,57003,"Lammers, J., & Burgmer, P. (2017). Power Increases Anchoring Effects on Judgment. Social Cognition, 35(1), 40–53. https://doi.org/10.1521/soco.2017.35.1.40","Lammers & Burgmer, 2017, Study 2","https://osf.io/yt38u/","Height of the Eiffel Tower (ft)","height",0,1,1,1,1,1,1,3,0,1
"4",30,2,1200,1063,400,4,57004,"Lammers, J., & Burgmer, P. (2017). Power Increases Anchoring Effects on Judgment. Social Cognition, 35(1), 40–53. https://doi.org/10.1521/soco.2017.35.1.40","Lammers & Burgmer, 2017, Study 2","https://osf.io/yt38u/","Height of the Eiffel Tower (ft)","height",0,1,1,1,1,1,1,3,0,1
"5",44,2,1000,1063,400,5,57005,"Lammers, J., & Burgmer, P. (2017). Power Increases Anchoring Effects on Judgment. Social Cognition, 35(1), 40–53. https://doi.org/10.1521/soco.2017.35.1.40","Lammers & Burgmer, 2017, Study 2","https://osf.io/yt38u/","Height of the Eiffel Tower (ft)","height",0,1,1,1,1,1,1,3,0,1
"6",34,2,900,1063,400,6,57006,"Lammers, J., & Burgmer, P. (2017). Power Increases Anchoring Effects on Judgment. Social Cognition, 35(1), 40–53. https://doi.org/10.1521/soco.2017.35.1.40","Lammers & Burgmer, 2017, Study 2","https://osf.io/yt38u/","Height of the Eiffel Tower (ft)","height",0,1,1,1,1,1,1,3,0,1
"7",27,1,888,1063,400,7,57007,"Lammers, J., & Burgmer, P. (2017). Power Increases Anchoring Effects on Judgment. Social Cognition, 35(1), 40–53. https://doi.org/10.1521/soco.2017.35.1.40","Lammers & Burgmer, 2017, Study 2","https://osf.io/yt38u/","Height of the Eiffel Tower (ft)","height",0,1,1,1,1,1,1,3,0,1
"8",46,2,850,1063,400,8,57008,"Lammers, J., & Burgmer, P. (2017). Power Increases Anchoring Effects on Judgment. Social Cognition, 35(1), 40–53. https://doi.org/10.1521/soco.2017.35.1.40","Lammers & Burgmer, 2017, Study 2","https://osf.io/yt38u/","Height of the Eiffel Tower (ft)","height",0,1,1,1,1,1,1,3,0,1
"9",40,1,834,1063,400,9,57009,"Lammers, J., & Burgmer, P. (2017). Power Increases Anchoring Effects on Judgment. Social Cognition, 35(1), 40–53. https://doi.org/10.1521/soco.2017.35.1.40","Lammers & Burgmer, 2017, Study 2","https://osf.io/yt38u/","Height of the Eiffel Tower (ft)","height",0,1,1,1,1,1,1,3,0,1
"10",25,1,800,1063,400,10,57010,"Lammers, J., & Burgmer, P. (2017). Power Increases Anchoring Effects on Judgment. Social Cognition, 35(1), 40–53. https://doi.org/10.1521/soco.2017.35.1.40","Lammers & Burgmer, 2017, Study 2","https://osf.io/yt38u/","Height of the Eiffel Tower (ft)","height",0,1,1,1,1,1,1,3,0,1
"11",50,2,800,1063,400,11,57011,"Lammers, J., & Burgmer, P. (2017). Power Increases Anchoring Effects on Judgment. Social Cognition, 35(1), 40–53. https://doi.org/10.1521/soco.2017.35.1.40","Lammers & Burgmer, 2017, Study 2","https://osf.io/yt38u/","Height of the Eiffel Tower (ft)","height",0,1,1,1,1,1,1,3,0,1
"12",35,1,800,1063,400,12,57012,"Lammers, J., & Burgmer, P. (2017). Power Increases Anchoring Effects on Judgment. Social Cognition, 35(1), 40–53. https://doi.org/10.1521/soco.2017.35.1.40","Lammers & Burgmer, 2017, Study 2","https://osf.io/yt38u/","Height of the Eiffel Tower (ft)","height",0,1,1,1,1,1,1,3,0,1
"13",31,2,800,1063,400,13,57013,"Lammers, J., & Burgmer, P. (2017). Power Increases Anchoring Effects on Judgment. Social Cognition, 35(1), 40–53. https://doi.org/10.1521/soco.2017.35.1.40","Lammers & Burgmer, 2017, Study 2","https://osf.io/yt38u/","Height of the Eiffel Tower (ft)","height",0,1,1,1,1,1,1,3,0,1
"14",40,2,700,1063,400,14,57014,"Lammers, J., & Burgmer, P. (2017). Power Increases Anchoring Effects on Judgment. Social Cognition, 35(1), 40–53. https://doi.org/10.1521/soco.2017.35.1.40","Lammers & Burgmer, 2017, Study 2","https://osf.io/yt38u/","Height of the Eiffel Tower (ft)","height",0,1,1,1,1,1,1,3,0,1
"15",53,1,700,1063,400,15,57015,"Lammers, J., & Burgmer, P. (2017). Power Increases Anchoring Effects on Judgment. Social Cognition, 35(1), 40–53. https://doi.org/10.1521/soco.2017.35.1.40","Lammers & Burgmer, 2017, Study 2","https://osf.io/yt38u/","Height of the Eiffel Tower (ft)","height",0,1,1,1,1,1,1,3,0,1
"16",29,2,700,1063,400,16,57016,"Lammers, J., & Burgmer, P. (2017). Power Increases Anchoring Effects on Judgment. Social Cognition, 35(1), 40–53. https://doi.org/10.1521/soco.2017.35.1.40","Lammers & Burgmer, 2017, Study 2","https://osf.io/yt38u/","Height of the Eiffel Tower (ft)","height",0,1,1,1,1,1,1,3,0,1
"17",37,2,650,1063,400,17,57017,"Lammers, J., & Burgmer, P. (2017). Power Increases Anchoring Effects on Judgment. Social Cognition, 35(1), 40–53. https://doi.org/10.1521/soco.2017.35.1.40","Lammers & Burgmer, 2017, Study 2","https://osf.io/yt38u/","Height of the Eiffel Tower (ft)","height",0,1,1,1,1,1,1,3,0,1
"18",53,2,650,1063,400,18,57018,"Lammers, J., & Burgmer, P. (2017). Power Increases Anchoring Effects on Judgment. Social Cognition, 35(1), 40–53. https://doi.org/10.1521/soco.2017.35.1.40","Lammers & Burgmer, 2017, Study 2","https://osf.io/yt38u/","Height of the Eiffel Tower (ft)","height",0,1,1,1,1,1,1,3,0,1
"19",24,1,650,1063,400,19,57019,"Lammers, J., & Burgmer, P. (2017). Power Increases Anchoring Effects on Judgment. Social Cognition, 35(1), 40–53. https://doi.org/10.1521/soco.2017.35.1.40","Lammers & Burgmer, 2017, Study 2","https://osf.io/yt38u/","Height of the Eiffel Tower (ft)","height",0,1,1,1,1,1,1,3,0,1
"20",37,2,625,1063,400,20,57020,"Lammers, J., & Burgmer, P. (2017). Power Increases Anchoring Effects on Judgment. Social Cognition, 35(1), 40–53. https://doi.org/10.1521/soco.2017.35.1.40","Lammers & Burgmer, 2017, Study 2","https://osf.io/yt38u/","Height of the Eiffel Tower (ft)","height",0,1,1,1,1,1,1,3,0,1
"21",24,1,600,1063,400,21,57021,"Lammers, J., & Burgmer, P. (2017). Power Increases Anchoring Effects on Judgment. Social Cognition, 35(1), 40–53. https://doi.org/10.1521/soco.2017.35.1.40","Lammers & Burgmer, 2017, Study 2","https://osf.io/yt38u/","Height of the Eiffel Tower (ft)","height",0,1,1,1,1,1,1,3,0,1
"22",26,1,600,1063,400,22,57022,"Lammers, J., & Burgmer, P. (2017). Power Increases Anchoring Effects on Judgment. Social Cognition, 35(1), 40–53. https://doi.org/10.1521/soco.2017.35.1.40","Lammers & Burgmer, 2017, Study 2","https://osf.io/yt38u/","Height of the Eiffel Tower (ft)","height",0,1,1,1,1,1,1,3,0,1
"23",37,2,600,1063,400,23,57023,"Lammers, J., & Burgmer, P. (2017). Power Increases Anchoring Effects on Judgment. Social Cognition, 35(1), 40–53. https://doi.org/10.1521/soco.2017.35.1.40","Lammers & Burgmer, 2017, Study 2","https://osf.io/yt38u/","Height of the Eiffel Tower (ft)","height",0,1,1,1,1,1,1,3,0,1
"24",66,1,550,1063,400,24,57024,"Lammers, J., & Burgmer, P. (2017). Power Increases Anchoring Effects on Judgment. Social Cognition, 35(1), 40–53. https://doi.org/10.1521/soco.2017.35.1.40","Lammers & Burgmer, 2017, Study 2","https://osf.io/yt38u/","Height of the Eiffel Tower (ft)","height",0,1,1,1,1,1,1,3,0,1
"25",31,2,550,1063,400,25,57025,"Lammers, J., & Burgmer, P. (2017). Power Increases Anchoring Effects on Judgment. Social Cognition, 35(1), 40–53. https://doi.org/10.1521/soco.2017.35.1.40","Lammers & Burgmer, 2017, Study 2","https://osf.io/yt38u/","Height of the Eiffel Tower (ft)","height",0,1,1,1,1,1,1,3,0,1
"26",28,2,550,1063,400,26,57026,"Lammers, J., & Burgmer, P. (2017). Power Increases Anchoring Effects on Judgment. Social Cognition, 35(1), 40–53. https://doi.org/10.1521/soco.2017.35.1.40","Lammers & Burgmer, 2017, Study 2","https://osf.io/yt38u/","Height of the Eiffel Tower (ft)","height",0,1,1,1,1,1,1,3,0,1
"27",36,1,521,1063,400,27,57027,"Lammers, J., & Burgmer, P. (2017). Power Increases Anchoring Effects on Judgment. Social Cognition, 35(1), 40–53. https://doi.org/10.1521/soco.2017.35.1.40","Lammers & Burgmer, 2017, Study 2","https://osf.io/yt38u/","Height of the Eiffel Tower (ft)","height",0,1,1,1,1,1,1,3,0,1
"28",42,1,510,1063,400,28,57028,"Lammers, J., & Burgmer, P. (2017). Power Increases Anchoring Effects on Judgment. Social Cognition, 35(1), 40–53. https://doi.org/10.1521/soco.2017.35.1.40","Lammers & Burgmer, 2017, Study 2","https://osf.io/yt38u/","Height of the Eiffel Tower (ft)","height",0,1,1,1,1,1,1,3,0,1
"29",26,2,500,1063,400,29,57029,"Lammers, J., & Burgmer, P. (2017). Power Increases Anchoring Effects on Judgment. Social Cognition, 35(1), 40–53. https://doi.org/10.1521/soco.2017.35.1.40","Lammers & Burgmer, 2017, Study 2","https://osf.io/yt38u/","Height of the Eiffel Tower (ft)","height",0,1,1,1,1,1,1,3,0,1
"30",38,1,500,1063,400,30,57030,"Lammers, J., & Burgmer, P. (2017). Power Increases Anchoring Effects on Judgment. Social Cognition, 35(1), 40–53. https://doi.org/10.1521/soco.2017.35.1.40","Lammers & Burgmer, 2017, Study 2","https://osf.io/yt38u/","Height of the Eiffel Tower (ft)","height",0,1,1,1,1,1,1,3,0,1
"31",55,2,500,1063,400,31,57031,"Lammers, J., & Burgmer, P. (2017). Power Increases Anchoring Effects on Judgment. Social Cognition, 35(1), 40–53. https://doi.org/10.1521/soco.2017.35.1.40","Lammers & Burgmer, 2017, Study 2","https://osf.io/yt38u/","Height of the Eiffel Tower (ft)","height",0,1,1,1,1,1,1,3,0,1
"32",54,1,490,1063,400,32,57032,"Lammers, J., & Burgmer, P. (2017). Power Increases Anchoring Effects on Judgment. Social Cognition, 35(1), 40–53. https://doi.org/10.1521/soco.2017.35.1.40","Lammers & Burgmer, 2017, Study 2","https://osf.io/yt38u/","Height of the Eiffel Tower (ft)","height",0,1,1,1,1,1,1,3,0,1
"33",47,1,450,1063,400,33,57033,"Lammers, J., & Burgmer, P. (2017). Power Increases Anchoring Effects on Judgment. Social Cognition, 35(1), 40–53. https://doi.org/10.1521/soco.2017.35.1.40","Lammers & Burgmer, 2017, Study 2","https://osf.io/yt38u/","Height of the Eiffel Tower (ft)","height",0,1,1,1,1,1,1,3,0,1
"34",28,1,450,1063,400,34,57034,"Lammers, J., & Burgmer, P. (2017). Power Increases Anchoring Effects on Judgment. Social Cognition, 35(1), 40–53. https://doi.org/10.1521/soco.2017.35.1.40","Lammers & Burgmer, 2017, Study 2","https://osf.io/yt38u/","Height of the Eiffel Tower (ft)","height",0,1,1,1,1,1,1,3,0,1
"35",25,2,450,1063,400,35,57035,"Lammers, J., & Burgmer, P. (2017). Power Increases Anchoring Effects on Judgment. Social Cognition, 35(1), 40–53. https://doi.org/10.1521/soco.2017.35.1.40","Lammers & Burgmer, 2017, Study 2","https://osf.io/yt38u/","Height of the Eiffel Tower (ft)","height",0,1,1,1,1,1,1,3,0,1
"36",30,1,450,1063,400,36,57036,"Lammers, J., & Burgmer, P. (2017). Power Increases Anchoring Effects on Judgment. Social Cognition, 35(1), 40–53. https://doi.org/10.1521/soco.2017.35.1.40","Lammers & Burgmer, 2017, Study 2","https://osf.io/yt38u/","Height of the Eiffel Tower (ft)","height",0,1,1,1,1,1,1,3,0,1
"37",23,1,425,1063,400,37,57037,"Lammers, J., & Burgmer, P. (2017). Power Increases Anchoring Effects on Judgment. Social Cognition, 35(1), 40–53. https://doi.org/10.1521/soco.2017.35.1.40","Lammers & Burgmer, 2017, Study 2","https://osf.io/yt38u/","Height of the Eiffel Tower (ft)","height",0,1,1,1,1,1,1,3,0,1
"38",40,2,400,1063,400,38,57038,"Lammers, J., & Burgmer, P. (2017). Power Increases Anchoring Effects on Judgment. Social Cognition, 35(1), 40–53. https://doi.org/10.1521/soco.2017.35.1.40","Lammers & Burgmer, 2017, Study 2","https://osf.io/yt38u/","Height of the Eiffel Tower (ft)","height",0,1,1,1,1,1,1,3,0,1
"39",29,2,400,1063,400,39,57039,"Lammers, J., & Burgmer, P. (2017). Power Increases Anchoring Effects on Judgment. Social Cognition, 35(1), 40–53. https://doi.org/10.1521/soco.2017.35.1.40","Lammers & Burgmer, 2017, Study 2","https://osf.io/yt38u/","Height of the Eiffel Tower (ft)","height",0,1,1,1,1,1,1,3,0,1
"40",34,1,400,1063,400,40,57040,"Lammers, J., & Burgmer, P. (2017). Power Increases Anchoring Effects on Judgment. Social Cognition, 35(1), 40–53. https://doi.org/10.1521/soco.2017.35.1.40","Lammers & Burgmer, 2017, Study 2","https://osf.io/yt38u/","Height of the Eiffel Tower (ft)","height",0,1,1,1,1,1,1,3,0,1
"41",24,2,400,1063,400,41,57041,"Lammers, J., & Burgmer, P. (2017). Power Increases Anchoring Effects on Judgment. Social Cognition, 35(1), 40–53. https://doi.org/10.1521/soco.2017.35.1.40","Lammers & Burgmer, 2017, Study 2","https://osf.io/yt38u/","Height of the Eiffel Tower (ft)","height",0,1,1,1,1,1,1,3,0,1
"42",27,2,400,1063,400,42,57042,"Lammers, J., & Burgmer, P. (2017). Power Increases Anchoring Effects on Judgment. Social Cognition, 35(1), 40–53. https://doi.org/10.1521/soco.2017.35.1.40","Lammers & Burgmer, 2017, Study 2","https://osf.io/yt38u/","Height of the Eiffel Tower (ft)","height",0,1,1,1,1,1,1,3,0,1
"43",24,1,390,1063,400,43,57043,"Lammers, J., & Burgmer, P. (2017). Power Increases Anchoring Effects on Judgment. Social Cognition, 35(1), 40–53. https://doi.org/10.1521/soco.2017.35.1.40","Lammers & Burgmer, 2017, Study 2","https://osf.io/yt38u/","Height of the Eiffel Tower (ft)","height",0,1,1,1,1,1,1,3,0,1
"44",29,2,386,1063,400,44,57044,"Lammers, J., & Burgmer, P. (2017). Power Increases Anchoring Effects on Judgment. Social Cognition, 35(1), 40–53. https://doi.org/10.1521/soco.2017.35.1.40","Lammers & Burgmer, 2017, Study 2","https://osf.io/yt38u/","Height of the Eiffel Tower (ft)","height",0,1,1,1,1,1,1,3,0,1
"45",32,2,375,1063,400,45,57045,"Lammers, J., & Burgmer, P. (2017). Power Increases Anchoring Effects on Judgment. Social Cognition, 35(1), 40–53. https://doi.org/10.1521/soco.2017.35.1.40","Lammers & Burgmer, 2017, Study 2","https://osf.io/yt38u/","Height of the Eiffel Tower (ft)","height",0,1,1,1,1,1,1,3,0,1
"46",41,1,350,1063,400,46,57046,"Lammers, J., & Burgmer, P. (2017). Power Increases Anchoring Effects on Judgment. Social Cognition, 35(1), 40–53. https://doi.org/10.1521/soco.2017.35.1.40","Lammers & Burgmer, 2017, Study 2","https://osf.io/yt38u/","Height of the Eiffel Tower (ft)","height",0,1,1,1,1,1,1,3,0,1
"47",50,1,350,1063,400,47,57047,"Lammers, J., & Burgmer, P. (2017). Power Increases Anchoring Effects on Judgment. Social Cognition, 35(1), 40–53. https://doi.org/10.1521/soco.2017.35.1.40","Lammers & Burgmer, 2017, Study 2","https://osf.io/yt38u/","Height of the Eiffel Tower (ft)","height",0,1,1,1,1,1,1,3,0,1
"48",33,1,330,1063,400,48,57048,"Lammers, J., & Burgmer, P. (2017). Power Increases Anchoring Effects on Judgment. Social Cognition, 35(1), 40–53. https://doi.org/10.1521/soco.2017.35.1.40","Lammers & Burgmer, 2017, Study 2","https://osf.io/yt38u/","Height of the Eiffel Tower (ft)","height",0,1,1,1,1,1,1,3,0,1
"49",46,1,300,1063,400,49,57049,"Lammers, J., & Burgmer, P. (2017). Power Increases Anchoring Effects on Judgment. Social Cognition, 35(1), 40–53. https://doi.org/10.1521/soco.2017.35.1.40","Lammers & Burgmer, 2017, Study 2","https://osf.io/yt38u/","Height of the Eiffel Tower (ft)","height",0,1,1,1,1,1,1,3,0,1
"50",43,2,300,1063,400,50,57050,"Lammers, J., & Burgmer, P. (2017). Power Increases Anchoring Effects on Judgment. Social Cognition, 35(1), 40–53. https://doi.org/10.1521/soco.2017.35.1.40","Lammers & Burgmer, 2017, Study 2","https://osf.io/yt38u/","Height of the Eiffel Tower (ft)","height",0,1,1,1,1,1,1,3,0,1
"51",41,1,200,1063,400,51,57051,"Lammers, J., & Burgmer, P. (2017). Power Increases Anchoring Effects on Judgment. Social Cognition, 35(1), 40–53. https://doi.org/10.1521/soco.2017.35.1.40","Lammers & Burgmer, 2017, Study 2","https://osf.io/yt38u/","Height of the Eiffel Tower (ft)","height",0,1,1,1,1,1,1,3,0,1
"52",21,2,100,1063,400,52,57052,"Lammers, J., & Burgmer, P. (2017). Power Increases Anchoring Effects on Judgment. Social Cognition, 35(1), 40–53. https://doi.org/10.1521/soco.2017.35.1.40","Lammers & Burgmer, 2017, Study 2","https://osf.io/yt38u/","Height of the Eiffel Tower (ft)","height",0,1,1,1,1,1,1,3,0,1
"53",24,1,2000,1063,400,53,57053,"Lammers, J., & Burgmer, P. (2017). Power Increases Anchoring Effects on Judgment. Social Cognition, 35(1), 40–53. https://doi.org/10.1521/soco.2017.35.1.40","Lammers & Burgmer, 2017, Study 2","https://osf.io/yt38u/","Height of the Eiffel Tower (ft)","height",0,1,1,1,1,1,1,3,0,1
"54",38,1,1600,1063,400,54,57054,"Lammers, J., & Burgmer, P. (2017). Power Increases Anchoring Effects on Judgment. Social Cognition, 35(1), 40–53. https://doi.org/10.1521/soco.2017.35.1.40","Lammers & Burgmer, 2017, Study 2","https://osf.io/yt38u/","Height of the Eiffel Tower (ft)","height",0,1,1,1,1,1,1,3,0,1
"55",25,1,1000,1063,400,55,57055,"Lammers, J., & Burgmer, P. (2017). Power Increases Anchoring Effects on Judgment. Social Cognition, 35(1), 40–53. https://doi.org/10.1521/soco.2017.35.1.40","Lammers & Burgmer, 2017, Study 2","https://osf.io/yt38u/","Height of the Eiffel Tower (ft)","height",0,1,1,1,1,1,1,3,0,1
"56",28,2,1000,1063,400,56,57056,"Lammers, J., & Burgmer, P. (2017). Power Increases Anchoring Effects on Judgment. Social Cognition, 35(1), 40–53. https://doi.org/10.1521/soco.2017.35.1.40","Lammers & Burgmer, 2017, Study 2","https://osf.io/yt38u/","Height of the Eiffel Tower (ft)","height",0,1,1,1,1,1,1,3,0,1
"57",27,1,1000,1063,400,57,57057,"Lammers, J., & Burgmer, P. (2017). Power Increases Anchoring Effects on Judgment. Social Cognition, 35(1), 40–53. https://doi.org/10.1521/soco.2017.35.1.40","Lammers & Burgmer, 2017, Study 2","https://osf.io/yt38u/","Height of the Eiffel Tower (ft)","height",0,1,1,1,1,1,1,3,0,1
"58",35,1,1000,1063,400,58,57058,"Lammers, J., & Burgmer, P. (2017). Power Increases Anchoring Effects on Judgment. Social Cognition, 35(1), 40–53. https://doi.org/10.1521/soco.2017.35.1.40","Lammers & Burgmer, 2017, Study 2","https://osf.io/yt38u/","Height of the Eiffel Tower (ft)","height",0,1,1,1,1,1,1,3,0,1
"59",28,2,1000,1063,400,59,57059,"Lammers, J., & Burgmer, P. (2017). Power Increases Anchoring Effects on Judgment. Social Cognition, 35(1), 40–53. https://doi.org/10.1521/soco.2017.35.1.40","Lammers & Burgmer, 2017, Study 2","https://osf.io/yt38u/","Height of the Eiffel Tower (ft)","height",0,1,1,1,1,1,1,3,0,1
"60",34,1,900,1063,400,60,57060,"Lammers, J., & Burgmer, P. (2017). Power Increases Anchoring Effects on Judgment. Social Cognition, 35(1), 40–53. https://doi.org/10.1521/soco.2017.35.1.40","Lammers & Burgmer, 2017, Study 2","https://osf.io/yt38u/","Height of the Eiffel Tower (ft)","height",0,1,1,1,1,1,1,3,0,1
"61",31,1,900,1063,400,61,57061,"Lammers, J., & Burgmer, P. (2017). Power Increases Anchoring Effects on Judgment. Social Cognition, 35(1), 40–53. https://doi.org/10.1521/soco.2017.35.1.40","Lammers & Burgmer, 2017, Study 2","https://osf.io/yt38u/","Height of the Eiffel Tower (ft)","height",0,1,1,1,1,1,1,3,0,1
"62",42,1,860,1063,400,62,57062,"Lammers, J., & Burgmer, P. (2017). Power Increases Anchoring Effects on Judgment. Social Cognition, 35(1), 40–53. https://doi.org/10.1521/soco.2017.35.1.40","Lammers & Burgmer, 2017, Study 2","https://osf.io/yt38u/","Height of the Eiffel Tower (ft)","height",0,1,1,1,1,1,1,3,0,1
"63",20,1,850,1063,400,63,57063,"Lammers, J., & Burgmer, P. (2017). Power Increases Anchoring Effects on Judgment. Social Cognition, 35(1), 40–53. https://doi.org/10.1521/soco.2017.35.1.40","Lammers & Burgmer, 2017, Study 2","https://osf.io/yt38u/","Height of the Eiffel Tower (ft)","height",0,1,1,1,1,1,1,3,0,1
"64",34,1,820,1063,400,64,57064,"Lammers, J., & Burgmer, P. (2017). Power Increases Anchoring Effects on Judgment. Social Cognition, 35(1), 40–53. https://doi.org/10.1521/soco.2017.35.1.40","Lammers & Burgmer, 2017, Study 2","https://osf.io/yt38u/","Height of the Eiffel Tower (ft)","height",0,1,1,1,1,1,1,3,0,1
"65",60,1,800,1063,400,65,57065,"Lammers, J., & Burgmer, P. (2017). Power Increases Anchoring Effects on Judgment. Social Cognition, 35(1), 40–53. https://doi.org/10.1521/soco.2017.35.1.40","Lammers & Burgmer, 2017, Study 2","https://osf.io/yt38u/","Height of the Eiffel Tower (ft)","height",0,1,1,1,1,1,1,3,0,1
"66",66,2,800,1063,400,66,57066,"Lammers, J., & Burgmer, P. (2017). Power Increases Anchoring Effects on Judgment. Social Cognition, 35(1), 40–53. https://doi.org/10.1521/soco.2017.35.1.40","Lammers & Burgmer, 2017, Study 2","https://osf.io/yt38u/","Height of the Eiffel Tower (ft)","height",0,1,1,1,1,1,1,3,0,1
"67",19,1,800,1063,400,67,57067,"Lammers, J., & Burgmer, P. (2017). Power Increases Anchoring Effects on Judgment. Social Cognition, 35(1), 40–53. https://doi.org/10.1521/soco.2017.35.1.40","Lammers & Burgmer, 2017, Study 2","https://osf.io/yt38u/","Height of the Eiffel Tower (ft)","height",0,1,1,1,1,1,1,3,0,1
"68",46,2,800,1063,400,68,57068,"Lammers, J., & Burgmer, P. (2017). Power Increases Anchoring Effects on Judgment. Social Cognition, 35(1), 40–53. https://doi.org/10.1521/soco.2017.35.1.40","Lammers & Burgmer, 2017, Study 2","https://osf.io/yt38u/","Height of the Eiffel Tower (ft)","height",0,1,1,1,1,1,1,3,0,1
"69",45,2,750,1063,400,69,57069,"Lammers, J., & Burgmer, P. (2017). Power Increases Anchoring Effects on Judgment. Social Cognition, 35(1), 40–53. https://doi.org/10.1521/soco.2017.35.1.40","Lammers & Burgmer, 2017, Study 2","https://osf.io/yt38u/","Height of the Eiffel Tower (ft)","height",0,1,1,1,1,1,1,3,0,1
"70",25,2,700,1063,400,70,57070,"Lammers, J., & Burgmer, P. (2017). Power Increases Anchoring Effects on Judgment. Social Cognition, 35(1), 40–53. https://doi.org/10.1521/soco.2017.35.1.40","Lammers & Burgmer, 2017, Study 2","https://osf.io/yt38u/","Height of the Eiffel Tower (ft)","height",0,1,1,1,1,1,1,3,0,1
"71",26,1,700,1063,400,71,57071,"Lammers, J., & Burgmer, P. (2017). Power Increases Anchoring Effects on Judgment. Social Cognition, 35(1), 40–53. https://doi.org/10.1521/soco.2017.35.1.40","Lammers & Burgmer, 2017, Study 2","https://osf.io/yt38u/","Height of the Eiffel Tower (ft)","height",0,1,1,1,1,1,1,3,0,1
"72",56,2,650,1063,400,72,57072,"Lammers, J., & Burgmer, P. (2017). Power Increases Anchoring Effects on Judgment. Social Cognition, 35(1), 40–53. https://doi.org/10.1521/soco.2017.35.1.40","Lammers & Burgmer, 2017, Study 2","https://osf.io/yt38u/","Height of the Eiffel Tower (ft)","height",0,1,1,1,1,1,1,3,0,1
"73",40,1,600,1063,400,73,57073,"Lammers, J., & Burgmer, P. (2017). Power Increases Anchoring Effects on Judgment. Social Cognition, 35(1), 40–53. https://doi.org/10.1521/soco.2017.35.1.40","Lammers & Burgmer, 2017, Study 2","https://osf.io/yt38u/","Height of the Eiffel Tower (ft)","height",0,1,1,1,1,1,1,3,0,1
"74",38,1,600,1063,400,74,57074,"Lammers, J., & Burgmer, P. (2017). Power Increases Anchoring Effects on Judgment. Social Cognition, 35(1), 40–53. https://doi.org/10.1521/soco.2017.35.1.40","Lammers & Burgmer, 2017, Study 2","https://osf.io/yt38u/","Height of the Eiffel Tower (ft)","height",0,1,1,1,1,1,1,3,0,1
"75",22,1,600,1063,400,75,57075,"Lammers, J., & Burgmer, P. (2017). Power Increases Anchoring Effects on Judgment. Social Cognition, 35(1), 40–53. https://doi.org/10.1521/soco.2017.35.1.40","Lammers & Burgmer, 2017, Study 2","https://osf.io/yt38u/","Height of the Eiffel Tower (ft)","height",0,1,1,1,1,1,1,3,0,1
"76",52,1,550,1063,400,76,57076,"Lammers, J., & Burgmer, P. (2017). Power Increases Anchoring Effects on Judgment. Social Cognition, 35(1), 40–53. https://doi.org/10.1521/soco.2017.35.1.40","Lammers & Burgmer, 2017, Study 2","https://osf.io/yt38u/","Height of the Eiffel Tower (ft)","height",0,1,1,1,1,1,1,3,0,1
"77",27,1,500,1063,400,77,57077,"Lammers, J., & Burgmer, P. (2017). Power Increases Anchoring Effects on Judgment. Social Cognition, 35(1), 40–53. https://doi.org/10.1521/soco.2017.35.1.40","Lammers & Burgmer, 2017, Study 2","https://osf.io/yt38u/","Height of the Eiffel Tower (ft)","height",0,1,1,1,1,1,1,3,0,1
"78",32,2,500,1063,400,78,57078,"Lammers, J., & Burgmer, P. (2017). Power Increases Anchoring Effects on Judgment. Social Cognition, 35(1), 40–53. https://doi.org/10.1521/soco.2017.35.1.40","Lammers & Burgmer, 2017, Study 2","https://osf.io/yt38u/","Height of the Eiffel Tower (ft)","height",0,1,1,1,1,1,1,3,0,1
"79",63,2,500,1063,400,79,57079,"Lammers, J., & Burgmer, P. (2017). Power Increases Anchoring Effects on Judgment. Social Cognition, 35(1), 40–53. https://doi.org/10.1521/soco.2017.35.1.40","Lammers & Burgmer, 2017, Study 2","https://osf.io/yt38u/","Height of the Eiffel Tower (ft)","height",0,1,1,1,1,1,1,3,0,1
"80",34,2,500,1063,400,80,57080,"Lammers, J., & Burgmer, P. (2017). Power Increases Anchoring Effects on Judgment. Social Cognition, 35(1), 40–53. https://doi.org/10.1521/soco.2017.35.1.40","Lammers & Burgmer, 2017, Study 2","https://osf.io/yt38u/","Height of the Eiffel Tower (ft)","height",0,1,1,1,1,1,1,3,0,1
"81",33,2,500,1063,400,81,57081,"Lammers, J., & Burgmer, P. (2017). Power Increases Anchoring Effects on Judgment. Social Cognition, 35(1), 40–53. https://doi.org/10.1521/soco.2017.35.1.40","Lammers & Burgmer, 2017, Study 2","https://osf.io/yt38u/","Height of the Eiffel Tower (ft)","height",0,1,1,1,1,1,1,3,0,1
"82",37,2,500,1063,400,82,57082,"Lammers, J., & Burgmer, P. (2017). Power Increases Anchoring Effects on Judgment. Social Cognition, 35(1), 40–53. https://doi.org/10.1521/soco.2017.35.1.40","Lammers & Burgmer, 2017, Study 2","https://osf.io/yt38u/","Height of the Eiffel Tower (ft)","height",0,1,1,1,1,1,1,3,0,1
"83",48,1,485,1063,400,83,57083,"Lammers, J., & Burgmer, P. (2017). Power Increases Anchoring Effects on Judgment. Social Cognition, 35(1), 40–53. https://doi.org/10.1521/soco.2017.35.1.40","Lammers & Burgmer, 2017, Study 2","https://osf.io/yt38u/","Height of the Eiffel Tower (ft)","height",0,1,1,1,1,1,1,3,0,1
"84",56,2,450,1063,400,84,57084,"Lammers, J., & Burgmer, P. (2017). Power Increases Anchoring Effects on Judgment. Social Cognition, 35(1), 40–53. https://doi.org/10.1521/soco.2017.35.1.40","Lammers & Burgmer, 2017, Study 2","https://osf.io/yt38u/","Height of the Eiffel Tower (ft)","height",0,1,1,1,1,1,1,3,0,1
"85",50,2,450,1063,400,85,57085,"Lammers, J., & Burgmer, P. (2017). Power Increases Anchoring Effects on Judgment. Social Cognition, 35(1), 40–53. https://doi.org/10.1521/soco.2017.35.1.40","Lammers & Burgmer, 2017, Study 2","https://osf.io/yt38u/","Height of the Eiffel Tower (ft)","height",0,1,1,1,1,1,1,3,0,1
"86",44,2,430,1063,400,86,57086,"Lammers, J., & Burgmer, P. (2017). Power Increases Anchoring Effects on Judgment. Social Cognition, 35(1), 40–53. https://doi.org/10.1521/soco.2017.35.1.40","Lammers & Burgmer, 2017, Study 2","https://osf.io/yt38u/","Height of the Eiffel Tower (ft)","height",0,1,1,1,1,1,1,3,0,1
"87",23,2,400,1063,400,87,57087,"Lammers, J., & Burgmer, P. (2017). Power Increases Anchoring Effects on Judgment. Social Cognition, 35(1), 40–53. https://doi.org/10.1521/soco.2017.35.1.40","Lammers & Burgmer, 2017, Study 2","https://osf.io/yt38u/","Height of the Eiffel Tower (ft)","height",0,1,1,1,1,1,1,3,0,1
"88",26,2,400,1063,400,88,57088,"Lammers, J., & Burgmer, P. (2017). Power Increases Anchoring Effects on Judgment. Social Cognition, 35(1), 40–53. https://doi.org/10.1521/soco.2017.35.1.40","Lammers & Burgmer, 2017, Study 2","https://osf.io/yt38u/","Height of the Eiffel Tower (ft)","height",0,1,1,1,1,1,1,3,0,1
"89",44,1,400,1063,400,89,57089,"Lammers, J., & Burgmer, P. (2017). Power Increases Anchoring Effects on Judgment. Social Cognition, 35(1), 40–53. https://doi.org/10.1521/soco.2017.35.1.40","Lammers & Burgmer, 2017, Study 2","https://osf.io/yt38u/","Height of the Eiffel Tower (ft)","height",0,1,1,1,1,1,1,3,0,1
"90",27,1,400,1063,400,90,57090,"Lammers, J., & Burgmer, P. (2017). Power Increases Anchoring Effects on Judgment. Social Cognition, 35(1), 40–53. https://doi.org/10.1521/soco.2017.35.1.40","Lammers & Burgmer, 2017, Study 2","https://osf.io/yt38u/","Height of the Eiffel Tower (ft)","height",0,1,1,1,1,1,1,3,0,1
"91",27,1,350,1063,400,91,57091,"Lammers, J., & Burgmer, P. (2017). Power Increases Anchoring Effects on Judgment. Social Cognition, 35(1), 40–53. https://doi.org/10.1521/soco.2017.35.1.40","Lammers & Burgmer, 2017, Study 2","https://osf.io/yt38u/","Height of the Eiffel Tower (ft)","height",0,1,1,1,1,1,1,3,0,1
"92",28,1,350,1063,400,92,57092,"Lammers, J., & Burgmer, P. (2017). Power Increases Anchoring Effects on Judgment. Social Cognition, 35(1), 40–53. https://doi.org/10.1521/soco.2017.35.1.40","Lammers & Burgmer, 2017, Study 2","https://osf.io/yt38u/","Height of the Eiffel Tower (ft)","height",0,1,1,1,1,1,1,3,0,1
"93",25,1,350,1063,400,93,57093,"Lammers, J., & Burgmer, P. (2017). Power Increases Anchoring Effects on Judgment. Social Cognition, 35(1), 40–53. https://doi.org/10.1521/soco.2017.35.1.40","Lammers & Burgmer, 2017, Study 2","https://osf.io/yt38u/","Height of the Eiffel Tower (ft)","height",0,1,1,1,1,1,1,3,0,1
"94",36,1,325,1063,400,94,57094,"Lammers, J., & Burgmer, P. (2017). Power Increases Anchoring Effects on Judgment. Social Cognition, 35(1), 40–53. https://doi.org/10.1521/soco.2017.35.1.40","Lammers & Burgmer, 2017, Study 2","https://osf.io/yt38u/","Height of the Eiffel Tower (ft)","height",0,1,1,1,1,1,1,3,0,1
"95",32,1,300,1063,400,95,57095,"Lammers, J., & Burgmer, P. (2017). Power Increases Anchoring Effects on Judgment. Social Cognition, 35(1), 40–53. https://doi.org/10.1521/soco.2017.35.1.40","Lammers & Burgmer, 2017, Study 2","https://osf.io/yt38u/","Height of the Eiffel Tower (ft)","height",0,1,1,1,1,1,1,3,0,1
"96",37,2,300,1063,400,96,57096,"Lammers, J., & Burgmer, P. (2017). Power Increases Anchoring Effects on Judgment. Social Cognition, 35(1), 40–53. https://doi.org/10.1521/soco.2017.35.1.40","Lammers & Burgmer, 2017, Study 2","https://osf.io/yt38u/","Height of the Eiffel Tower (ft)","height",0,1,1,1,1,1,1,3,0,1
"97",39,2,300,1063,400,97,57097,"Lammers, J., & Burgmer, P. (2017). Power Increases Anchoring Effects on Judgment. Social Cognition, 35(1), 40–53. https://doi.org/10.1521/soco.2017.35.1.40","Lammers & Burgmer, 2017, Study 2","https://osf.io/yt38u/","Height of the Eiffel Tower (ft)","height",0,1,1,1,1,1,1,3,0,1
"98",30,1,250,1063,400,98,57098,"Lammers, J., & Burgmer, P. (2017). Power Increases Anchoring Effects on Judgment. Social Cognition, 35(1), 40–53. https://doi.org/10.1521/soco.2017.35.1.40","Lammers & Burgmer, 2017, Study 2","https://osf.io/yt38u/","Height of the Eiffel Tower (ft)","height",0,1,1,1,1,1,1,3,0,1
"99",30,1,250,1063,400,99,57099,"Lammers, J., & Burgmer, P. (2017). Power Increases Anchoring Effects on Judgment. Social Cognition, 35(1), 40–53. https://doi.org/10.1521/soco.2017.35.1.40","Lammers & Burgmer, 2017, Study 2","https://osf.io/yt38u/","Height of the Eiffel Tower (ft)","height",0,1,1,1,1,1,1,3,0,1
"100",35,1,220,1063,400,100,57100,"Lammers, J., & Burgmer, P. (2017). Power Increases Anchoring Effects on Judgment. Social Cognition, 35(1), 40–53. https://doi.org/10.1521/soco.2017.35.1.40","Lammers & Burgmer, 2017, Study 2","https://osf.io/yt38u/","Height of the Eiffel Tower (ft)","height",0,1,1,1,1,1,1,3,0,1
"101",37,2,4800,1063,2500,101,57101,"Lammers, J., & Burgmer, P. (2017). Power Increases Anchoring Effects on Judgment. Social Cognition, 35(1), 40–53. https://doi.org/10.1521/soco.2017.35.1.40","Lammers & Burgmer, 2017, Study 2","https://osf.io/yt38u/","Height of the Eiffel Tower (ft)","height",0,1,1,1,1,1,1,3,1,1
"102",34,2,3600,1063,2500,102,57102,"Lammers, J., & Burgmer, P. (2017). Power Increases Anchoring Effects on Judgment. Social Cognition, 35(1), 40–53. https://doi.org/10.1521/soco.2017.35.1.40","Lammers & Burgmer, 2017, Study 2","https://osf.io/yt38u/","Height of the Eiffel Tower (ft)","height",0,1,1,1,1,1,1,3,1,1
"103",33,1,3500,1063,2500,103,57103,"Lammers, J., & Burgmer, P. (2017). Power Increases Anchoring Effects on Judgment. Social Cognition, 35(1), 40–53. https://doi.org/10.1521/soco.2017.35.1.40","Lammers & Burgmer, 2017, Study 2","https://osf.io/yt38u/","Height of the Eiffel Tower (ft)","height",0,1,1,1,1,1,1,3,1,1
"104",28,2,3500,1063,2500,104,57104,"Lammers, J., & Burgmer, P. (2017). Power Increases Anchoring Effects on Judgment. Social Cognition, 35(1), 40–53. https://doi.org/10.1521/soco.2017.35.1.40","Lammers & Burgmer, 2017, Study 2","https://osf.io/yt38u/","Height of the Eiffel Tower (ft)","height",0,1,1,1,1,1,1,3,1,1
"105",53,2,3200,1063,2500,105,57105,"Lammers, J., & Burgmer, P. (2017). Power Increases Anchoring Effects on Judgment. Social Cognition, 35(1), 40–53. https://doi.org/10.1521/soco.2017.35.1.40","Lammers & Burgmer, 2017, Study 2","https://osf.io/yt38u/","Height of the Eiffel Tower (ft)","height",0,1,1,1,1,1,1,3,1,1
"106",36,2,3200,1063,2500,106,57106,"Lammers, J., & Burgmer, P. (2017). Power Increases Anchoring Effects on Judgment. Social Cognition, 35(1), 40–53. https://doi.org/10.1521/soco.2017.35.1.40","Lammers & Burgmer, 2017, Study 2","https://osf.io/yt38u/","Height of the Eiffel Tower (ft)","height",0,1,1,1,1,1,1,3,1,1
"107",20,1,3000,1063,2500,107,57107,"Lammers, J., & Burgmer, P. (2017). Power Increases Anchoring Effects on Judgment. Social Cognition, 35(1), 40–53. https://doi.org/10.1521/soco.2017.35.1.40","Lammers & Burgmer, 2017, Study 2","https://osf.io/yt38u/","Height of the Eiffel Tower (ft)","height",0,1,1,1,1,1,1,3,1,1
"108",36,2,3000,1063,2500,108,57108,"Lammers, J., & Burgmer, P. (2017). Power Increases Anchoring Effects on Judgment. Social Cognition, 35(1), 40–53. https://doi.org/10.1521/soco.2017.35.1.40","Lammers & Burgmer, 2017, Study 2","https://osf.io/yt38u/","Height of the Eiffel Tower (ft)","height",0,1,1,1,1,1,1,3,1,1
"109",24,2,3000,1063,2500,109,57109,"Lammers, J., & Burgmer, P. (2017). Power Increases Anchoring Effects on Judgment. Social Cognition, 35(1), 40–53. https://doi.org/10.1521/soco.2017.35.1.40","Lammers & Burgmer, 2017, Study 2","https://osf.io/yt38u/","Height of the Eiffel Tower (ft)","height",0,1,1,1,1,1,1,3,1,1
"110",25,1,3000,1063,2500,110,57110,"Lammers, J., & Burgmer, P. (2017). Power Increases Anchoring Effects on Judgment. Social Cognition, 35(1), 40–53. https://doi.org/10.1521/soco.2017.35.1.40","Lammers & Burgmer, 2017, Study 2","https://osf.io/yt38u/","Height of the Eiffel Tower (ft)","height",0,1,1,1,1,1,1,3,1,1
"111",30,1,2800,1063,2500,111,57111,"Lammers, J., & Burgmer, P. (2017). Power Increases Anchoring Effects on Judgment. Social Cognition, 35(1), 40–53. https://doi.org/10.1521/soco.2017.35.1.40","Lammers & Burgmer, 2017, Study 2","https://osf.io/yt38u/","Height of the Eiffel Tower (ft)","height",0,1,1,1,1,1,1,3,1,1
"112",34,2,2750,1063,2500,112,57112,"Lammers, J., & Burgmer, P. (2017). Power Increases Anchoring Effects on Judgment. Social Cognition, 35(1), 40–53. https://doi.org/10.1521/soco.2017.35.1.40","Lammers & Burgmer, 2017, Study 2","https://osf.io/yt38u/","Height of the Eiffel Tower (ft)","height",0,1,1,1,1,1,1,3,1,1
"113",45,1,2700,1063,2500,113,57113,"Lammers, J., & Burgmer, P. (2017). Power Increases Anchoring Effects on Judgment. Social Cognition, 35(1), 40–53. https://doi.org/10.1521/soco.2017.35.1.40","Lammers & Burgmer, 2017, Study 2","https://osf.io/yt38u/","Height of the Eiffel Tower (ft)","height",0,1,1,1,1,1,1,3,1,1
"114",29,1,2650,1063,2500,114,57114,"Lammers, J., & Burgmer, P. (2017). Power Increases Anchoring Effects on Judgment. Social Cognition, 35(1), 40–53. https://doi.org/10.1521/soco.2017.35.1.40","Lammers & Burgmer, 2017, Study 2","https://osf.io/yt38u/","Height of the Eiffel Tower (ft)","height",0,1,1,1,1,1,1,3,1,1
"115",33,2,2500,1063,2500,115,57115,"Lammers, J., & Burgmer, P. (2017). Power Increases Anchoring Effects on Judgment. Social Cognition, 35(1), 40–53. https://doi.org/10.1521/soco.2017.35.1.40","Lammers & Burgmer, 2017, Study 2","https://osf.io/yt38u/","Height of the Eiffel Tower (ft)","height",0,1,1,1,1,1,1,3,1,1
"116",31,2,2500,1063,2500,116,57116,"Lammers, J., & Burgmer, P. (2017). Power Increases Anchoring Effects on Judgment. Social Cognition, 35(1), 40–53. https://doi.org/10.1521/soco.2017.35.1.40","Lammers & Burgmer, 2017, Study 2","https://osf.io/yt38u/","Height of the Eiffel Tower (ft)","height",0,1,1,1,1,1,1,3,1,1
"117",26,2,2000,1063,2500,117,57117,"Lammers, J., & Burgmer, P. (2017). Power Increases Anchoring Effects on Judgment. Social Cognition, 35(1), 40–53. https://doi.org/10.1521/soco.2017.35.1.40","Lammers & Burgmer, 2017, Study 2","https://osf.io/yt38u/","Height of the Eiffel Tower (ft)","height",0,1,1,1,1,1,1,3,1,1
"118",22,1,1800,1063,2500,118,57118,"Lammers, J., & Burgmer, P. (2017). Power Increases Anchoring Effects on Judgment. Social Cognition, 35(1), 40–53. https://doi.org/10.1521/soco.2017.35.1.40","Lammers & Burgmer, 2017, Study 2","https://osf.io/yt38u/","Height of the Eiffel Tower (ft)","height",0,1,1,1,1,1,1,3,1,1
"119",37,2,1700,1063,2500,119,57119,"Lammers, J., & Burgmer, P. (2017). Power Increases Anchoring Effects on Judgment. Social Cognition, 35(1), 40–53. https://doi.org/10.1521/soco.2017.35.1.40","Lammers & Burgmer, 2017, Study 2","https://osf.io/yt38u/","Height of the Eiffel Tower (ft)","height",0,1,1,1,1,1,1,3,1,1
"120",41,2,1700,1063,2500,120,57120,"Lammers, J., & Burgmer, P. (2017). Power Increases Anchoring Effects on Judgment. Social Cognition, 35(1), 40–53. https://doi.org/10.1521/soco.2017.35.1.40","Lammers & Burgmer, 2017, Study 2","https://osf.io/yt38u/","Height of the Eiffel Tower (ft)","height",0,1,1,1,1,1,1,3,1,1
"121",38,2,1650,1063,2500,121,57121,"Lammers, J., & Burgmer, P. (2017). Power Increases Anchoring Effects on Judgment. Social Cognition, 35(1), 40–53. https://doi.org/10.1521/soco.2017.35.1.40","Lammers & Burgmer, 2017, Study 2","https://osf.io/yt38u/","Height of the Eiffel Tower (ft)","height",0,1,1,1,1,1,1,3,1,1
"122",39,1,1650,1063,2500,122,57122,"Lammers, J., & Burgmer, P. (2017). Power Increases Anchoring Effects on Judgment. Social Cognition, 35(1), 40–53. https://doi.org/10.1521/soco.2017.35.1.40","Lammers & Burgmer, 2017, Study 2","https://osf.io/yt38u/","Height of the Eiffel Tower (ft)","height",0,1,1,1,1,1,1,3,1,1
"123",31,2,1500,1063,2500,123,57123,"Lammers, J., & Burgmer, P. (2017). Power Increases Anchoring Effects on Judgment. Social Cognition, 35(1), 40–53. https://doi.org/10.1521/soco.2017.35.1.40","Lammers & Burgmer, 2017, Study 2","https://osf.io/yt38u/","Height of the Eiffel Tower (ft)","height",0,1,1,1,1,1,1,3,1,1
"124",31,2,1500,1063,2500,124,57124,"Lammers, J., & Burgmer, P. (2017). Power Increases Anchoring Effects on Judgment. Social Cognition, 35(1), 40–53. https://doi.org/10.1521/soco.2017.35.1.40","Lammers & Burgmer, 2017, Study 2","https://osf.io/yt38u/","Height of the Eiffel Tower (ft)","height",0,1,1,1,1,1,1,3,1,1
"125",24,2,1500,1063,2500,125,57125,"Lammers, J., & Burgmer, P. (2017). Power Increases Anchoring Effects on Judgment. Social Cognition, 35(1), 40–53. https://doi.org/10.1521/soco.2017.35.1.40","Lammers & Burgmer, 2017, Study 2","https://osf.io/yt38u/","Height of the Eiffel Tower (ft)","height",0,1,1,1,1,1,1,3,1,1
"126",34,1,1300,1063,2500,126,57126,"Lammers, J., & Burgmer, P. (2017). Power Increases Anchoring Effects on Judgment. Social Cognition, 35(1), 40–53. https://doi.org/10.1521/soco.2017.35.1.40","Lammers & Burgmer, 2017, Study 2","https://osf.io/yt38u/","Height of the Eiffel Tower (ft)","height",0,1,1,1,1,1,1,3,1,1
"127",31,2,1300,1063,2500,127,57127,"Lammers, J., & Burgmer, P. (2017). Power Increases Anchoring Effects on Judgment. Social Cognition, 35(1), 40–53. https://doi.org/10.1521/soco.2017.35.1.40","Lammers & Burgmer, 2017, Study 2","https://osf.io/yt38u/","Height of the Eiffel Tower (ft)","height",0,1,1,1,1,1,1,3,1,1
"128",36,2,1250,1063,2500,128,57128,"Lammers, J., & Burgmer, P. (2017). Power Increases Anchoring Effects on Judgment. Social Cognition, 35(1), 40–53. https://doi.org/10.1521/soco.2017.35.1.40","Lammers & Burgmer, 2017, Study 2","https://osf.io/yt38u/","Height of the Eiffel Tower (ft)","height",0,1,1,1,1,1,1,3,1,1
"129",28,1,1250,1063,2500,129,57129,"Lammers, J., & Burgmer, P. (2017). Power Increases Anchoring Effects on Judgment. Social Cognition, 35(1), 40–53. https://doi.org/10.1521/soco.2017.35.1.40","Lammers & Burgmer, 2017, Study 2","https://osf.io/yt38u/","Height of the Eiffel Tower (ft)","height",0,1,1,1,1,1,1,3,1,1
"130",39,2,1200,1063,2500,130,57130,"Lammers, J., & Burgmer, P. (2017). Power Increases Anchoring Effects on Judgment. Social Cognition, 35(1), 40–53. https://doi.org/10.1521/soco.2017.35.1.40","Lammers & Burgmer, 2017, Study 2","https://osf.io/yt38u/","Height of the Eiffel Tower (ft)","height",0,1,1,1,1,1,1,3,1,1
"131",30,1,1200,1063,2500,131,57131,"Lammers, J., & Burgmer, P. (2017). Power Increases Anchoring Effects on Judgment. Social Cognition, 35(1), 40–53. https://doi.org/10.1521/soco.2017.35.1.40","Lammers & Burgmer, 2017, Study 2","https://osf.io/yt38u/","Height of the Eiffel Tower (ft)","height",0,1,1,1,1,1,1,3,1,1
"132",35,1,1200,1063,2500,132,57132,"Lammers, J., & Burgmer, P. (2017). Power Increases Anchoring Effects on Judgment. Social Cognition, 35(1), 40–53. https://doi.org/10.1521/soco.2017.35.1.40","Lammers & Burgmer, 2017, Study 2","https://osf.io/yt38u/","Height of the Eiffel Tower (ft)","height",0,1,1,1,1,1,1,3,1,1
"133",34,1,1000,1063,2500,133,57133,"Lammers, J., & Burgmer, P. (2017). Power Increases Anchoring Effects on Judgment. Social Cognition, 35(1), 40–53. https://doi.org/10.1521/soco.2017.35.1.40","Lammers & Burgmer, 2017, Study 2","https://osf.io/yt38u/","Height of the Eiffel Tower (ft)","height",0,1,1,1,1,1,1,3,1,1
"134",27,1,1000,1063,2500,134,57134,"Lammers, J., & Burgmer, P. (2017). Power Increases Anchoring Effects on Judgment. Social Cognition, 35(1), 40–53. https://doi.org/10.1521/soco.2017.35.1.40","Lammers & Burgmer, 2017, Study 2","https://osf.io/yt38u/","Height of the Eiffel Tower (ft)","height",0,1,1,1,1,1,1,3,1,1
"135",42,1,1000,1063,2500,135,57135,"Lammers, J., & Burgmer, P. (2017). Power Increases Anchoring Effects on Judgment. Social Cognition, 35(1), 40–53. https://doi.org/10.1521/soco.2017.35.1.40","Lammers & Burgmer, 2017, Study 2","https://osf.io/yt38u/","Height of the Eiffel Tower (ft)","height",0,1,1,1,1,1,1,3,1,1
"136",50,2,1000,1063,2500,136,57136,"Lammers, J., & Burgmer, P. (2017). Power Increases Anchoring Effects on Judgment. Social Cognition, 35(1), 40–53. https://doi.org/10.1521/soco.2017.35.1.40","Lammers & Burgmer, 2017, Study 2","https://osf.io/yt38u/","Height of the Eiffel Tower (ft)","height",0,1,1,1,1,1,1,3,1,1
"137",32,1,1000,1063,2500,137,57137,"Lammers, J., & Burgmer, P. (2017). Power Increases Anchoring Effects on Judgment. Social Cognition, 35(1), 40–53. https://doi.org/10.1521/soco.2017.35.1.40","Lammers & Burgmer, 2017, Study 2","https://osf.io/yt38u/","Height of the Eiffel Tower (ft)","height",0,1,1,1,1,1,1,3,1,1
"138",24,1,986,1063,2500,138,57138,"Lammers, J., & Burgmer, P. (2017). Power Increases Anchoring Effects on Judgment. Social Cognition, 35(1), 40–53. https://doi.org/10.1521/soco.2017.35.1.40","Lammers & Burgmer, 2017, Study 2","https://osf.io/yt38u/","Height of the Eiffel Tower (ft)","height",0,1,1,1,1,1,1,3,1,1
"139",33,2,986,1063,2500,139,57139,"Lammers, J., & Burgmer, P. (2017). Power Increases Anchoring Effects on Judgment. Social Cognition, 35(1), 40–53. https://doi.org/10.1521/soco.2017.35.1.40","Lammers & Burgmer, 2017, Study 2","https://osf.io/yt38u/","Height of the Eiffel Tower (ft)","height",0,1,1,1,1,1,1,3,1,1
"140",55,1,980,1063,2500,140,57140,"Lammers, J., & Burgmer, P. (2017). Power Increases Anchoring Effects on Judgment. Social Cognition, 35(1), 40–53. https://doi.org/10.1521/soco.2017.35.1.40","Lammers & Burgmer, 2017, Study 2","https://osf.io/yt38u/","Height of the Eiffel Tower (ft)","height",0,1,1,1,1,1,1,3,1,1
"141",38,1,900,1063,2500,141,57141,"Lammers, J., & Burgmer, P. (2017). Power Increases Anchoring Effects on Judgment. Social Cognition, 35(1), 40–53. https://doi.org/10.1521/soco.2017.35.1.40","Lammers & Burgmer, 2017, Study 2","https://osf.io/yt38u/","Height of the Eiffel Tower (ft)","height",0,1,1,1,1,1,1,3,1,1
"142",54,1,900,1063,2500,142,57142,"Lammers, J., & Burgmer, P. (2017). Power Increases Anchoring Effects on Judgment. Social Cognition, 35(1), 40–53. https://doi.org/10.1521/soco.2017.35.1.40","Lammers & Burgmer, 2017, Study 2","https://osf.io/yt38u/","Height of the Eiffel Tower (ft)","height",0,1,1,1,1,1,1,3,1,1
"143",29,1,798,1063,2500,143,57143,"Lammers, J., & Burgmer, P. (2017). Power Increases Anchoring Effects on Judgment. Social Cognition, 35(1), 40–53. https://doi.org/10.1521/soco.2017.35.1.40","Lammers & Burgmer, 2017, Study 2","https://osf.io/yt38u/","Height of the Eiffel Tower (ft)","height",0,1,1,1,1,1,1,3,1,1
"144",29,1,600,1063,2500,144,57144,"Lammers, J., & Burgmer, P. (2017). Power Increases Anchoring Effects on Judgment. Social Cognition, 35(1), 40–53. https://doi.org/10.1521/soco.2017.35.1.40","Lammers & Burgmer, 2017, Study 2","https://osf.io/yt38u/","Height of the Eiffel Tower (ft)","height",0,1,1,1,1,1,1,3,1,1
"145",55,2,600,1063,2500,145,57145,"Lammers, J., & Burgmer, P. (2017). Power Increases Anchoring Effects on Judgment. Social Cognition, 35(1), 40–53. https://doi.org/10.1521/soco.2017.35.1.40","Lammers & Burgmer, 2017, Study 2","https://osf.io/yt38u/","Height of the Eiffel Tower (ft)","height",0,1,1,1,1,1,1,3,1,1
"146",42,1,500,1063,2500,146,57146,"Lammers, J., & Burgmer, P. (2017). Power Increases Anchoring Effects on Judgment. Social Cognition, 35(1), 40–53. https://doi.org/10.1521/soco.2017.35.1.40","Lammers & Burgmer, 2017, Study 2","https://osf.io/yt38u/","Height of the Eiffel Tower (ft)","height",0,1,1,1,1,1,1,3,1,1
"147",32,1,500,1063,2500,147,57147,"Lammers, J., & Burgmer, P. (2017). Power Increases Anchoring Effects on Judgment. Social Cognition, 35(1), 40–53. https://doi.org/10.1521/soco.2017.35.1.40","Lammers & Burgmer, 2017, Study 2","https://osf.io/yt38u/","Height of the Eiffel Tower (ft)","height",0,1,1,1,1,1,1,3,1,1
"148",24,2,500,1063,2500,148,57148,"Lammers, J., & Burgmer, P. (2017). Power Increases Anchoring Effects on Judgment. Social Cognition, 35(1), 40–53. https://doi.org/10.1521/soco.2017.35.1.40","Lammers & Burgmer, 2017, Study 2","https://osf.io/yt38u/","Height of the Eiffel Tower (ft)","height",0,1,1,1,1,1,1,3,1,1
"149",32,1,400,1063,2500,149,57149,"Lammers, J., & Burgmer, P. (2017). Power Increases Anchoring Effects on Judgment. Social Cognition, 35(1), 40–53. https://doi.org/10.1521/soco.2017.35.1.40","Lammers & Burgmer, 2017, Study 2","https://osf.io/yt38u/","Height of the Eiffel Tower (ft)","height",0,1,1,1,1,1,1,3,1,1
"150",32,1,350,1063,2500,150,57150,"Lammers, J., & Burgmer, P. (2017). Power Increases Anchoring Effects on Judgment. Social Cognition, 35(1), 40–53. https://doi.org/10.1521/soco.2017.35.1.40","Lammers & Burgmer, 2017, Study 2","https://osf.io/yt38u/","Height of the Eiffel Tower (ft)","height",0,1,1,1,1,1,1,3,1,1
"151",30,1,300,1063,2500,151,57151,"Lammers, J., & Burgmer, P. (2017). Power Increases Anchoring Effects on Judgment. Social Cognition, 35(1), 40–53. https://doi.org/10.1521/soco.2017.35.1.40","Lammers & Burgmer, 2017, Study 2","https://osf.io/yt38u/","Height of the Eiffel Tower (ft)","height",0,1,1,1,1,1,1,3,1,1
"152",32,1,250,1063,2500,152,57152,"Lammers, J., & Burgmer, P. (2017). Power Increases Anchoring Effects on Judgment. Social Cognition, 35(1), 40–53. https://doi.org/10.1521/soco.2017.35.1.40","Lammers & Burgmer, 2017, Study 2","https://osf.io/yt38u/","Height of the Eiffel Tower (ft)","height",0,1,1,1,1,1,1,3,1,1
"153",23,2,30000,1063,2500,153,57153,"Lammers, J., & Burgmer, P. (2017). Power Increases Anchoring Effects on Judgment. Social Cognition, 35(1), 40–53. https://doi.org/10.1521/soco.2017.35.1.40","Lammers & Burgmer, 2017, Study 2","https://osf.io/yt38u/","Height of the Eiffel Tower (ft)","height",0,1,1,1,1,1,1,3,1,1
"154",44,1,8000,1063,2500,154,57154,"Lammers, J., & Burgmer, P. (2017). Power Increases Anchoring Effects on Judgment. Social Cognition, 35(1), 40–53. https://doi.org/10.1521/soco.2017.35.1.40","Lammers & Burgmer, 2017, Study 2","https://osf.io/yt38u/","Height of the Eiffel Tower (ft)","height",0,1,1,1,1,1,1,3,1,1
"155",26,1,8000,1063,2500,155,57155,"Lammers, J., & Burgmer, P. (2017). Power Increases Anchoring Effects on Judgment. Social Cognition, 35(1), 40–53. https://doi.org/10.1521/soco.2017.35.1.40","Lammers & Burgmer, 2017, Study 2","https://osf.io/yt38u/","Height of the Eiffel Tower (ft)","height",0,1,1,1,1,1,1,3,1,1
"156",27,1,6500,1063,2500,156,57156,"Lammers, J., & Burgmer, P. (2017). Power Increases Anchoring Effects on Judgment. Social Cognition, 35(1), 40–53. https://doi.org/10.1521/soco.2017.35.1.40","Lammers & Burgmer, 2017, Study 2","https://osf.io/yt38u/","Height of the Eiffel Tower (ft)","height",0,1,1,1,1,1,1,3,1,1
"157",28,1,5000,1063,2500,157,57157,"Lammers, J., & Burgmer, P. (2017). Power Increases Anchoring Effects on Judgment. Social Cognition, 35(1), 40–53. https://doi.org/10.1521/soco.2017.35.1.40","Lammers & Burgmer, 2017, Study 2","https://osf.io/yt38u/","Height of the Eiffel Tower (ft)","height",0,1,1,1,1,1,1,3,1,1
"158",34,2,5000,1063,2500,158,57158,"Lammers, J., & Burgmer, P. (2017). Power Increases Anchoring Effects on Judgment. Social Cognition, 35(1), 40–53. https://doi.org/10.1521/soco.2017.35.1.40","Lammers & Burgmer, 2017, Study 2","https://osf.io/yt38u/","Height of the Eiffel Tower (ft)","height",0,1,1,1,1,1,1,3,1,1
"159",32,1,5000,1063,2500,159,57159,"Lammers, J., & Burgmer, P. (2017). Power Increases Anchoring Effects on Judgment. Social Cognition, 35(1), 40–53. https://doi.org/10.1521/soco.2017.35.1.40","Lammers & Burgmer, 2017, Study 2","https://osf.io/yt38u/","Height of the Eiffel Tower (ft)","height",0,1,1,1,1,1,1,3,1,1
"160",30,2,4500,1063,2500,160,57160,"Lammers, J., & Burgmer, P. (2017). Power Increases Anchoring Effects on Judgment. Social Cognition, 35(1), 40–53. https://doi.org/10.1521/soco.2017.35.1.40","Lammers & Burgmer, 2017, Study 2","https://osf.io/yt38u/","Height of the Eiffel Tower (ft)","height",0,1,1,1,1,1,1,3,1,1
"161",44,2,4000,1063,2500,161,57161,"Lammers, J., & Burgmer, P. (2017). Power Increases Anchoring Effects on Judgment. Social Cognition, 35(1), 40–53. https://doi.org/10.1521/soco.2017.35.1.40","Lammers & Burgmer, 2017, Study 2","https://osf.io/yt38u/","Height of the Eiffel Tower (ft)","height",0,1,1,1,1,1,1,3,1,1
"162",32,2,3250,1063,2500,162,57162,"Lammers, J., & Burgmer, P. (2017). Power Increases Anchoring Effects on Judgment. Social Cognition, 35(1), 40–53. https://doi.org/10.1521/soco.2017.35.1.40","Lammers & Burgmer, 2017, Study 2","https://osf.io/yt38u/","Height of the Eiffel Tower (ft)","height",0,1,1,1,1,1,1,3,1,1
"163",34,1,3200,1063,2500,163,57163,"Lammers, J., & Burgmer, P. (2017). Power Increases Anchoring Effects on Judgment. Social Cognition, 35(1), 40–53. https://doi.org/10.1521/soco.2017.35.1.40","Lammers & Burgmer, 2017, Study 2","https://osf.io/yt38u/","Height of the Eiffel Tower (ft)","height",0,1,1,1,1,1,1,3,1,1
"164",44,2,3000,1063,2500,164,57164,"Lammers, J., & Burgmer, P. (2017). Power Increases Anchoring Effects on Judgment. Social Cognition, 35(1), 40–53. https://doi.org/10.1521/soco.2017.35.1.40","Lammers & Burgmer, 2017, Study 2","https://osf.io/yt38u/","Height of the Eiffel Tower (ft)","height",0,1,1,1,1,1,1,3,1,1
"165",26,1,3000,1063,2500,165,57165,"Lammers, J., & Burgmer, P. (2017). Power Increases Anchoring Effects on Judgment. Social Cognition, 35(1), 40–53. https://doi.org/10.1521/soco.2017.35.1.40","Lammers & Burgmer, 2017, Study 2","https://osf.io/yt38u/","Height of the Eiffel Tower (ft)","height",0,1,1,1,1,1,1,3,1,1
"166",33,2,3000,1063,2500,166,57166,"Lammers, J., & Burgmer, P. (2017). Power Increases Anchoring Effects on Judgment. Social Cognition, 35(1), 40–53. https://doi.org/10.1521/soco.2017.35.1.40","Lammers & Burgmer, 2017, Study 2","https://osf.io/yt38u/","Height of the Eiffel Tower (ft)","height",0,1,1,1,1,1,1,3,1,1
"167",39,2,3000,1063,2500,167,57167,"Lammers, J., & Burgmer, P. (2017). Power Increases Anchoring Effects on Judgment. Social Cognition, 35(1), 40–53. https://doi.org/10.1521/soco.2017.35.1.40","Lammers & Burgmer, 2017, Study 2","https://osf.io/yt38u/","Height of the Eiffel Tower (ft)","height",0,1,1,1,1,1,1,3,1,1
"168",30,2,3000,1063,2500,168,57168,"Lammers, J., & Burgmer, P. (2017). Power Increases Anchoring Effects on Judgment. Social Cognition, 35(1), 40–53. https://doi.org/10.1521/soco.2017.35.1.40","Lammers & Burgmer, 2017, Study 2","https://osf.io/yt38u/","Height of the Eiffel Tower (ft)","height",0,1,1,1,1,1,1,3,1,1
"169",40,2,3000,1063,2500,169,57169,"Lammers, J., & Burgmer, P. (2017). Power Increases Anchoring Effects on Judgment. Social Cognition, 35(1), 40–53. https://doi.org/10.1521/soco.2017.35.1.40","Lammers & Burgmer, 2017, Study 2","https://osf.io/yt38u/","Height of the Eiffel Tower (ft)","height",0,1,1,1,1,1,1,3,1,1
"170",57,2,3000,1063,2500,170,57170,"Lammers, J., & Burgmer, P. (2017). Power Increases Anchoring Effects on Judgment. Social Cognition, 35(1), 40–53. https://doi.org/10.1521/soco.2017.35.1.40","Lammers & Burgmer, 2017, Study 2","https://osf.io/yt38u/","Height of the Eiffel Tower (ft)","height",0,1,1,1,1,1,1,3,1,1
"171",51,2,2700,1063,2500,171,57171,"Lammers, J., & Burgmer, P. (2017). Power Increases Anchoring Effects on Judgment. Social Cognition, 35(1), 40–53. https://doi.org/10.1521/soco.2017.35.1.40","Lammers & Burgmer, 2017, Study 2","https://osf.io/yt38u/","Height of the Eiffel Tower (ft)","height",0,1,1,1,1,1,1,3,1,1
"172",39,2,2600,1063,2500,172,57172,"Lammers, J., & Burgmer, P. (2017). Power Increases Anchoring Effects on Judgment. Social Cognition, 35(1), 40–53. https://doi.org/10.1521/soco.2017.35.1.40","Lammers & Burgmer, 2017, Study 2","https://osf.io/yt38u/","Height of the Eiffel Tower (ft)","height",0,1,1,1,1,1,1,3,1,1
"173",22,2,2300,1063,2500,173,57173,"Lammers, J., & Burgmer, P. (2017). Power Increases Anchoring Effects on Judgment. Social Cognition, 35(1), 40–53. https://doi.org/10.1521/soco.2017.35.1.40","Lammers & Burgmer, 2017, Study 2","https://osf.io/yt38u/","Height of the Eiffel Tower (ft)","height",0,1,1,1,1,1,1,3,1,1
"174",30,2,2300,1063,2500,174,57174,"Lammers, J., & Burgmer, P. (2017). Power Increases Anchoring Effects on Judgment. Social Cognition, 35(1), 40–53. https://doi.org/10.1521/soco.2017.35.1.40","Lammers & Burgmer, 2017, Study 2","https://osf.io/yt38u/","Height of the Eiffel Tower (ft)","height",0,1,1,1,1,1,1,3,1,1
"175",24,1,2000,1063,2500,175,57175,"Lammers, J., & Burgmer, P. (2017). Power Increases Anchoring Effects on Judgment. Social Cognition, 35(1), 40–53. https://doi.org/10.1521/soco.2017.35.1.40","Lammers & Burgmer, 2017, Study 2","https://osf.io/yt38u/","Height of the Eiffel Tower (ft)","height",0,1,1,1,1,1,1,3,1,1
"176",24,2,2000,1063,2500,176,57176,"Lammers, J., & Burgmer, P. (2017). Power Increases Anchoring Effects on Judgment. Social Cognition, 35(1), 40–53. https://doi.org/10.1521/soco.2017.35.1.40","Lammers & Burgmer, 2017, Study 2","https://osf.io/yt38u/","Height of the Eiffel Tower (ft)","height",0,1,1,1,1,1,1,3,1,1
"177",47,1,1875,1063,2500,177,57177,"Lammers, J., & Burgmer, P. (2017). Power Increases Anchoring Effects on Judgment. Social Cognition, 35(1), 40–53. https://doi.org/10.1521/soco.2017.35.1.40","Lammers & Burgmer, 2017, Study 2","https://osf.io/yt38u/","Height of the Eiffel Tower (ft)","height",0,1,1,1,1,1,1,3,1,1
"178",31,2,1800,1063,2500,178,57178,"Lammers, J., & Burgmer, P. (2017). Power Increases Anchoring Effects on Judgment. Social Cognition, 35(1), 40–53. https://doi.org/10.1521/soco.2017.35.1.40","Lammers & Burgmer, 2017, Study 2","https://osf.io/yt38u/","Height of the Eiffel Tower (ft)","height",0,1,1,1,1,1,1,3,1,1
"179",32,2,1800,1063,2500,179,57179,"Lammers, J., & Burgmer, P. (2017). Power Increases Anchoring Effects on Judgment. Social Cognition, 35(1), 40–53. https://doi.org/10.1521/soco.2017.35.1.40","Lammers & Burgmer, 2017, Study 2","https://osf.io/yt38u/","Height of the Eiffel Tower (ft)","height",0,1,1,1,1,1,1,3,1,1
"180",24,2,1800,1063,2500,180,57180,"Lammers, J., & Burgmer, P. (2017). Power Increases Anchoring Effects on Judgment. Social Cognition, 35(1), 40–53. https://doi.org/10.1521/soco.2017.35.1.40","Lammers & Burgmer, 2017, Study 2","https://osf.io/yt38u/","Height of the Eiffel Tower (ft)","height",0,1,1,1,1,1,1,3,1,1
"181",28,2,1700,1063,2500,181,57181,"Lammers, J., & Burgmer, P. (2017). Power Increases Anchoring Effects on Judgment. Social Cognition, 35(1), 40–53. https://doi.org/10.1521/soco.2017.35.1.40","Lammers & Burgmer, 2017, Study 2","https://osf.io/yt38u/","Height of the Eiffel Tower (ft)","height",0,1,1,1,1,1,1,3,1,1
"182",56,1,1700,1063,2500,182,57182,"Lammers, J., & Burgmer, P. (2017). Power Increases Anchoring Effects on Judgment. Social Cognition, 35(1), 40–53. https://doi.org/10.1521/soco.2017.35.1.40","Lammers & Burgmer, 2017, Study 2","https://osf.io/yt38u/","Height of the Eiffel Tower (ft)","height",0,1,1,1,1,1,1,3,1,1
"183",30,2,1500,1063,2500,183,57183,"Lammers, J., & Burgmer, P. (2017). Power Increases Anchoring Effects on Judgment. Social Cognition, 35(1), 40–53. https://doi.org/10.1521/soco.2017.35.1.40","Lammers & Burgmer, 2017, Study 2","https://osf.io/yt38u/","Height of the Eiffel Tower (ft)","height",0,1,1,1,1,1,1,3,1,1
"184",26,1,1500,1063,2500,184,57184,"Lammers, J., & Burgmer, P. (2017). Power Increases Anchoring Effects on Judgment. Social Cognition, 35(1), 40–53. https://doi.org/10.1521/soco.2017.35.1.40","Lammers & Burgmer, 2017, Study 2","https://osf.io/yt38u/","Height of the Eiffel Tower (ft)","height",0,1,1,1,1,1,1,3,1,1
"185",30,1,1200,1063,2500,185,57185,"Lammers, J., & Burgmer, P. (2017). Power Increases Anchoring Effects on Judgment. Social Cognition, 35(1), 40–53. https://doi.org/10.1521/soco.2017.35.1.40","Lammers & Burgmer, 2017, Study 2","https://osf.io/yt38u/","Height of the Eiffel Tower (ft)","height",0,1,1,1,1,1,1,3,1,1
"186",40,2,1000,1063,2500,186,57186,"Lammers, J., & Burgmer, P. (2017). Power Increases Anchoring Effects on Judgment. Social Cognition, 35(1), 40–53. https://doi.org/10.1521/soco.2017.35.1.40","Lammers & Burgmer, 2017, Study 2","https://osf.io/yt38u/","Height of the Eiffel Tower (ft)","height",0,1,1,1,1,1,1,3,1,1
"187",20,2,1000,1063,2500,187,57187,"Lammers, J., & Burgmer, P. (2017). Power Increases Anchoring Effects on Judgment. Social Cognition, 35(1), 40–53. https://doi.org/10.1521/soco.2017.35.1.40","Lammers & Burgmer, 2017, Study 2","https://osf.io/yt38u/","Height of the Eiffel Tower (ft)","height",0,1,1,1,1,1,1,3,1,1
"188",34,1,1000,1063,2500,188,57188,"Lammers, J., & Burgmer, P. (2017). Power Increases Anchoring Effects on Judgment. Social Cognition, 35(1), 40–53. https://doi.org/10.1521/soco.2017.35.1.40","Lammers & Burgmer, 2017, Study 2","https://osf.io/yt38u/","Height of the Eiffel Tower (ft)","height",0,1,1,1,1,1,1,3,1,1
"189",45,1,987,1063,2500,189,57189,"Lammers, J., & Burgmer, P. (2017). Power Increases Anchoring Effects on Judgment. Social Cognition, 35(1), 40–53. https://doi.org/10.1521/soco.2017.35.1.40","Lammers & Burgmer, 2017, Study 2","https://osf.io/yt38u/","Height of the Eiffel Tower (ft)","height",0,1,1,1,1,1,1,3,1,1
"190",32,1,980,1063,2500,190,57190,"Lammers, J., & Burgmer, P. (2017). Power Increases Anchoring Effects on Judgment. Social Cognition, 35(1), 40–53. https://doi.org/10.1521/soco.2017.35.1.40","Lammers & Burgmer, 2017, Study 2","https://osf.io/yt38u/","Height of the Eiffel Tower (ft)","height",0,1,1,1,1,1,1,3,1,1
"191",32,2,850,1063,2500,191,57191,"Lammers, J., & Burgmer, P. (2017). Power Increases Anchoring Effects on Judgment. Social Cognition, 35(1), 40–53. https://doi.org/10.1521/soco.2017.35.1.40","Lammers & Burgmer, 2017, Study 2","https://osf.io/yt38u/","Height of the Eiffel Tower (ft)","height",0,1,1,1,1,1,1,3,1,1
"192",54,1,800,1063,2500,192,57192,"Lammers, J., & Burgmer, P. (2017). Power Increases Anchoring Effects on Judgment. Social Cognition, 35(1), 40–53. https://doi.org/10.1521/soco.2017.35.1.40","Lammers & Burgmer, 2017, Study 2","https://osf.io/yt38u/","Height of the Eiffel Tower (ft)","height",0,1,1,1,1,1,1,3,1,1
"193",38,1,800,1063,2500,193,57193,"Lammers, J., & Burgmer, P. (2017). Power Increases Anchoring Effects on Judgment. Social Cognition, 35(1), 40–53. https://doi.org/10.1521/soco.2017.35.1.40","Lammers & Burgmer, 2017, Study 2","https://osf.io/yt38u/","Height of the Eiffel Tower (ft)","height",0,1,1,1,1,1,1,3,1,1
"194",29,2,750,1063,2500,194,57194,"Lammers, J., & Burgmer, P. (2017). Power Increases Anchoring Effects on Judgment. Social Cognition, 35(1), 40–53. https://doi.org/10.1521/soco.2017.35.1.40","Lammers & Burgmer, 2017, Study 2","https://osf.io/yt38u/","Height of the Eiffel Tower (ft)","height",0,1,1,1,1,1,1,3,1,1
"195",30,2,700,1063,2500,195,57195,"Lammers, J., & Burgmer, P. (2017). Power Increases Anchoring Effects on Judgment. Social Cognition, 35(1), 40–53. https://doi.org/10.1521/soco.2017.35.1.40","Lammers & Burgmer, 2017, Study 2","https://osf.io/yt38u/","Height of the Eiffel Tower (ft)","height",0,1,1,1,1,1,1,3,1,1
"196",54,1,500,1063,2500,196,57196,"Lammers, J., & Burgmer, P. (2017). Power Increases Anchoring Effects on Judgment. Social Cognition, 35(1), 40–53. https://doi.org/10.1521/soco.2017.35.1.40","Lammers & Burgmer, 2017, Study 2","https://osf.io/yt38u/","Height of the Eiffel Tower (ft)","height",0,1,1,1,1,1,1,3,1,1
"197",26,1,300,1063,2500,197,57197,"Lammers, J., & Burgmer, P. (2017). Power Increases Anchoring Effects on Judgment. Social Cognition, 35(1), 40–53. https://doi.org/10.1521/soco.2017.35.1.40","Lammers & Burgmer, 2017, Study 2","https://osf.io/yt38u/","Height of the Eiffel Tower (ft)","height",0,1,1,1,1,1,1,3,1,1
"198",22,1,300,1063,2500,198,57198,"Lammers, J., & Burgmer, P. (2017). Power Increases Anchoring Effects on Judgment. Social Cognition, 35(1), 40–53. https://doi.org/10.1521/soco.2017.35.1.40","Lammers & Burgmer, 2017, Study 2","https://osf.io/yt38u/","Height of the Eiffel Tower (ft)","height",0,1,1,1,1,1,1,3,1,1
"199",23,2,250,1063,2500,199,57199,"Lammers, J., & Burgmer, P. (2017). Power Increases Anchoring Effects on Judgment. Social Cognition, 35(1), 40–53. https://doi.org/10.1521/soco.2017.35.1.40","Lammers & Burgmer, 2017, Study 2","https://osf.io/yt38u/","Height of the Eiffel Tower (ft)","height",0,1,1,1,1,1,1,3,1,1
